country_code,country_name,year,value
AFE,Africa Eastern and Southern,2024,1432.50843496815
AFE,Africa Eastern and Southern,2023,1428.54623843676
AFE,Africa Eastern and Southern,2022,1437.09139374966
AFE,Africa Eastern and Southern,2021,1422.65546311873
AFE,Africa Eastern and Southern,2020,1398.57793000832
AFE,Africa Eastern and Southern,2019,1480.22900239543
AFE,Africa Eastern and Southern,2018,1492.18670204384
AFE,Africa Eastern and Southern,2017,1493.1423907296
AFE,Africa Eastern and Southern,2016,1493.11936575691
AFE,Africa Eastern and Southern,2015,1498.71597073834
AFE,Africa Eastern and Southern,2014,1495.79844862987
AFE,Africa Eastern and Southern,2013,1478.87995623663
AFE,Africa Eastern and Southern,2012,1452.76568595828
AFE,Africa Eastern and Southern,2011,1464.88611192938
AFE,Africa Eastern and Southern,2010,1449.78072652181
AFE,Africa Eastern and Southern,2009,1414.50548927128
AFE,Africa Eastern and Southern,2008,1440.52144510506
AFE,Africa Eastern and Southern,2007,1417.37331385996
AFE,Africa Eastern and Southern,2006,1364.58002599767
AFE,Africa Eastern and Southern,2005,1314.2677841971
AFE,Africa Eastern and Southern,2004,1271.19569954919
AFW,Africa Western and Central,2024,1820.07044608507
AFW,Africa Western and Central,2023,1782.32607004266
AFW,Africa Western and Central,2022,1761.05945140847
AFW,Africa Western and Central,2021,1725.17121673839
AFW,Africa Western and Central,2020,1722.44898220443
AFW,Africa Western and Central,2019,1832.1636948549
AFW,Africa Western and Central,2018,1817.65066402569
AFW,Africa Western and Central,2017,1811.55471646765
AFW,Africa Western and Central,2016,1817.66095620629
AFW,Africa Western and Central,2015,1863.40151301991
AFW,Africa Western and Central,2014,1859.65082949513
AFW,Africa Western and Central,2013,1808.05542437383
AFW,Africa Western and Central,2012,1752.04877339883
AFW,Africa Western and Central,2011,1713.47507358227
AFW,Africa Western and Central,2010,1679.8619541977
AFW,Africa Western and Central,2009,1614.44023110383
AFW,Africa Western and Central,2008,1564.2103448338
AFW,Africa Western and Central,2007,1515.04513261704
AFW,Africa Western and Central,2006,1477.96252664219
AFW,Africa Western and Central,2005,1443.9895720102
AFW,Africa Western and Central,2004,1404.15452106467
ARB,Arab World,2024,6311.25329101256
ARB,Arab World,2023,6322.02558331114
ARB,Arab World,2022,6361.38084442534
ARB,Arab World,2021,6083.57198947026
ARB,Arab World,2020,5914.3140803644
ARB,Arab World,2019,6377.12720480427
ARB,Arab World,2018,6386.55005729143
ARB,Arab World,2017,6332.00881888743
ARB,Arab World,2016,6375.45441645456
ARB,Arab World,2015,6299.87807685552
ARB,Arab World,2014,6247.36371197299
ARB,Arab World,2013,6234.27485821589
ARB,Arab World,2012,6235.42337538268
ARB,Arab World,2011,6054.00045574247
ARB,Arab World,2010,5965.71571721365
ARB,Arab World,2009,5810.71141659136
ARB,Arab World,2008,5915.86136125116
ARB,Arab World,2007,5746.68567268712
ARB,Arab World,2006,5632.36344117714
ARB,Arab World,2005,5427.84243278416
ARB,Arab World,2004,5264.51546177734
CSS,Caribbean small states,2024,18643.3738062746
CSS,Caribbean small states,2023,16520.5066629775
CSS,Caribbean small states,2022,15259.8516050593
CSS,Caribbean small states,2021,13353.2168994617
CSS,Caribbean small states,2020,12507.6012734005
CSS,Caribbean small states,2019,13836.1810586697
CSS,Caribbean small states,2018,13827.9207659533
CSS,Caribbean small states,2017,13778.886010068
CSS,Caribbean small states,2016,13962.4303282906
CSS,Caribbean small states,2015,14497.8798625347
CSS,Caribbean small states,2014,14600.729767324
CSS,Caribbean small states,2013,14327.5751136155
CSS,Caribbean small states,2012,14203.8255539522
CSS,Caribbean small states,2011,13731.3218758813
CSS,Caribbean small states,2010,13697.4264360568
CSS,Caribbean small states,2009,13623.5304132425
CSS,Caribbean small states,2008,14177.6922464874
CSS,Caribbean small states,2007,14030.0505594073
CSS,Caribbean small states,2006,13597.1381777631
CSS,Caribbean small states,2005,12683.3255233013
CSS,Caribbean small states,2004,12056.9139473837
CEB,Central Europe and the Baltics,2024,16862.8261090388
CEB,Central Europe and the Baltics,2023,16496.6728779092
CEB,Central Europe and the Baltics,2022,16396.9966397292
CEB,Central Europe and the Baltics,2021,15739.2441317825
CEB,Central Europe and the Baltics,2020,14621.1740246993
CEB,Central Europe and the Baltics,2019,15024.0494908704
CEB,Central Europe and the Baltics,2018,14412.0115452533
CEB,Central Europe and the Baltics,2017,13696.4931794299
CEB,Central Europe and the Baltics,2016,12991.5742193095
CEB,Central Europe and the Baltics,2015,12596.9151136003
CEB,Central Europe and the Baltics,2014,12076.1823856167
CEB,Central Europe and the Baltics,2013,11662.0107342389
CEB,Central Europe and the Baltics,2012,11544.5713277541
CEB,Central Europe and the Baltics,2011,11421.7596519166
CEB,Central Europe and the Baltics,2010,10998.682371605
CEB,Central Europe and the Baltics,2009,10792.858773343
CEB,Central Europe and the Baltics,2008,11177.0146731334
CEB,Central Europe and the Baltics,2007,10712.5851582186
CEB,Central Europe and the Baltics,2006,10036.5097725823
CEB,Central Europe and the Baltics,2005,9387.61745605104
CEB,Central Europe and the Baltics,2004,8923.8782160842
EAR,Early-demographic dividend,2024,3884.38931770884
EAR,Early-demographic dividend,2023,3783.31364991383
EAR,Early-demographic dividend,2022,3676.37654127034
EAR,Early-demographic dividend,2021,3506.50286307281
EAR,Early-demographic dividend,2020,3296.2051222201
EAR,Early-demographic dividend,2019,3485.83540250583
EAR,Early-demographic dividend,2018,3450.30289844386
EAR,Early-demographic dividend,2017,3370.86780261045
EAR,Early-demographic dividend,2016,3266.95703994597
EAR,Early-demographic dividend,2015,3178.86716124226
EAR,Early-demographic dividend,2014,3091.3641287626
EAR,Early-demographic dividend,2013,3013.93253830751
EAR,Early-demographic dividend,2012,2939.37593158074
EAR,Early-demographic dividend,2011,2862.47539021219
EAR,Early-demographic dividend,2010,2769.87664169436
EAR,Early-demographic dividend,2009,2644.32908283068
EAR,Early-demographic dividend,2008,2668.77158037966
EAR,Early-demographic dividend,2007,2620.13480564456
EAR,Early-demographic dividend,2006,2517.93797435526
EAR,Early-demographic dividend,2005,2411.95897260986
EAR,Early-demographic dividend,2004,2314.66677487664
EAS,East Asia & Pacific,2024,13295.329301063
EAS,East Asia & Pacific,2023,12838.6681574645
EAS,East Asia & Pacific,2022,12361.4385727479
EAS,East Asia & Pacific,2021,12018.1160959764
EAS,East Asia & Pacific,2020,11313.8325015148
EAS,East Asia & Pacific,2019,11370.44994499
EAS,East Asia & Pacific,2018,10985.5560070104
EAS,East Asia & Pacific,2017,10544.5364751924
EAS,East Asia & Pacific,2016,10109.9616270695
EAS,East Asia & Pacific,2015,9730.64405529046
EAS,East Asia & Pacific,2014,9355.53149899712
EAS,East Asia & Pacific,2013,8985.01177157421
EAS,East Asia & Pacific,2012,8603.6234263906
EAS,East Asia & Pacific,2011,8240.19911455592
EAS,East Asia & Pacific,2010,7876.59864598949
EAS,East Asia & Pacific,2009,7370.0195612033
EAS,East Asia & Pacific,2008,7239.90537339912
EAS,East Asia & Pacific,2007,6985.43993494533
EAS,East Asia & Pacific,2006,6545.03469272412
EAS,East Asia & Pacific,2005,6190.68887546982
EAS,East Asia & Pacific,2004,5886.18938389565
EAP,East Asia & Pacific (excluding high income),2024,10127.9180882519
EAP,East Asia & Pacific (excluding high income),2023,9666.08432645256
EAP,East Asia & Pacific (excluding high income),2022,9200.1190748992
EAP,East Asia & Pacific (excluding high income),2021,8905.68067463003
EAP,East Asia & Pacific (excluding high income),2020,8293.47330929094
EAP,East Asia & Pacific (excluding high income),2019,8220.63635978721
EAP,East Asia & Pacific (excluding high income),2018,7806.58627734919
EAP,East Asia & Pacific (excluding high income),2017,7374.76727155093
EAP,East Asia & Pacific (excluding high income),2016,6966.41995023195
EAP,East Asia & Pacific (excluding high income),2015,6589.81824245918
EAP,East Asia & Pacific (excluding high income),2014,6225.56359132253
EAP,East Asia & Pacific (excluding high income),2013,5864.59707043702
EAP,East Asia & Pacific (excluding high income),2012,5511.80083123891
EAP,East Asia & Pacific (excluding high income),2011,5168.39472019044
EAP,East Asia & Pacific (excluding high income),2010,4797.14626921917
EAP,East Asia & Pacific (excluding high income),2009,4397.74180769777
EAP,East Asia & Pacific (excluding high income),2008,4102.08415106923
EAP,East Asia & Pacific (excluding high income),2007,3805.1786009497
EAP,East Asia & Pacific (excluding high income),2006,3410.6598804258
EAP,East Asia & Pacific (excluding high income),2005,3095.20781374557
EAP,East Asia & Pacific (excluding high income),2004,2835.31842515797
TEA,East Asia & Pacific (IDA & IBRD countries),2024,10241.9890248099
TEA,East Asia & Pacific (IDA & IBRD countries),2023,9774.78042985959
TEA,East Asia & Pacific (IDA & IBRD countries),2022,9303.40405088781
TEA,East Asia & Pacific (IDA & IBRD countries),2021,9005.51806406365
TEA,East Asia & Pacific (IDA & IBRD countries),2020,8386.41483907815
TEA,East Asia & Pacific (IDA & IBRD countries),2019,8312.8476797593
TEA,East Asia & Pacific (IDA & IBRD countries),2018,7894.29743865068
TEA,East Asia & Pacific (IDA & IBRD countries),2017,7457.82890009373
TEA,East Asia & Pacific (IDA & IBRD countries),2016,7045.16072110558
TEA,East Asia & Pacific (IDA & IBRD countries),2015,6664.53447337008
TEA,East Asia & Pacific (IDA & IBRD countries),2014,6296.37014710907
TEA,East Asia & Pacific (IDA & IBRD countries),2013,5931.54927372231
TEA,East Asia & Pacific (IDA & IBRD countries),2012,5575.01390464133
TEA,East Asia & Pacific (IDA & IBRD countries),2011,5227.95136482515
TEA,East Asia & Pacific (IDA & IBRD countries),2010,4852.63859013079
TEA,East Asia & Pacific (IDA & IBRD countries),2009,4448.80407260716
TEA,East Asia & Pacific (IDA & IBRD countries),2008,4149.89172169115
TEA,East Asia & Pacific (IDA & IBRD countries),2007,3849.69181744448
TEA,East Asia & Pacific (IDA & IBRD countries),2006,3450.71267623218
TEA,East Asia & Pacific (IDA & IBRD countries),2005,3131.6805514233
TEA,East Asia & Pacific (IDA & IBRD countries),2004,2868.82269353821
EMU,Euro area,2024,37747.5762546902
EMU,Euro area,2023,37542.8850711276
EMU,Euro area,2022,37533.5524037551
EMU,Euro area,2021,36304.0120488212
EMU,Euro area,2020,34123.5966842683
EMU,Euro area,2019,36362.1610606018
EMU,Euro area,2018,35860.4204802822
EMU,Euro area,2017,35301.6485495203
EMU,Euro area,2016,34456.7787485334
EMU,Euro area,2015,33928.614137702
EMU,Euro area,2014,33296.8666974398
EMU,Euro area,2013,32867.052177107
EMU,Euro area,2012,32959.6032104989
EMU,Euro area,2011,33329.674600975
EMU,Euro area,2010,32682.9836342241
EMU,Euro area,2009,32081.0242521645
EMU,Euro area,2008,33692.5979697593
EMU,Euro area,2007,33707.163004223
EMU,Euro area,2006,32882.2025430207
EMU,Euro area,2005,31964.0968987768
EMU,Euro area,2004,31559.0180212487
ECS,Europe & Central Asia,2024,26049.7447851247
ECS,Europe & Central Asia,2023,25741.0380070691
ECS,Europe & Central Asia,2022,25489.1529254156
ECS,Europe & Central Asia,2021,24641.4252022588
ECS,Europe & Central Asia,2020,23085.0498018734
ECS,Europe & Central Asia,2019,24442.3874231782
ECS,Europe & Central Asia,2018,24094.598211265
ECS,Europe & Central Asia,2017,23666.3148569145
ECS,Europe & Central Asia,2016,23073.4498063679
ECS,Europe & Central Asia,2015,22742.4739859372
ECS,Europe & Central Asia,2014,22377.2366286294
ECS,Europe & Central Asia,2013,22039.7194290423
ECS,Europe & Central Asia,2012,21930.9259023068
ECS,Europe & Central Asia,2011,21946.7182534558
ECS,Europe & Central Asia,2010,21496.9574340089
ECS,Europe & Central Asia,2009,21021.0362461548
ECS,Europe & Central Asia,2008,22077.8466393493
ECS,Europe & Central Asia,2007,21942.3439443716
ECS,Europe & Central Asia,2006,21218.6420264668
ECS,Europe & Central Asia,2005,20483.7052778191
ECS,Europe & Central Asia,2004,19994.9526883816
ECA,Europe & Central Asia (excluding high income),2024,8719.2497368167
ECA,Europe & Central Asia (excluding high income),2023,8435.75381106955
ECA,Europe & Central Asia (excluding high income),2022,7972.62807689424
ECA,Europe & Central Asia (excluding high income),2021,7690.46991422501
ECA,Europe & Central Asia (excluding high income),2020,7080.0362508299
ECA,Europe & Central Asia (excluding high income),2019,7109.90457345448
ECA,Europe & Central Asia (excluding high income),2018,6989.62463883041
ECA,Europe & Central Asia (excluding high income),2017,6792.21425054227
ECA,Europe & Central Asia (excluding high income),2016,6462.34464500545
ECA,Europe & Central Asia (excluding high income),2015,6338.80741019255
ECA,Europe & Central Asia (excluding high income),2014,6178.94474790458
ECA,Europe & Central Asia (excluding high income),2013,6037.24531324726
ECA,Europe & Central Asia (excluding high income),2012,5714.90712667646
ECA,Europe & Central Asia (excluding high income),2011,5534.97431736067
ECA,Europe & Central Asia (excluding high income),2010,5149.8055295914
ECA,Europe & Central Asia (excluding high income),2009,4846.21223459428
ECA,Europe & Central Asia (excluding high income),2008,5057.30262489027
ECA,Europe & Central Asia (excluding high income),2007,4937.15920672959
ECA,Europe & Central Asia (excluding high income),2006,4618.3280614311
ECA,Europe & Central Asia (excluding high income),2005,4286.86707967653
ECA,Europe & Central Asia (excluding high income),2004,3966.81545088351
TEC,Europe & Central Asia (IDA & IBRD countries),2024,10509.1101785927
TEC,Europe & Central Asia (IDA & IBRD countries),2023,10132.3013270566
TEC,Europe & Central Asia (IDA & IBRD countries),2022,9708.77674684136
TEC,Europe & Central Asia (IDA & IBRD countries),2021,9476.65110748915
TEC,Europe & Central Asia (IDA & IBRD countries),2020,8812.50868521582
TEC,Europe & Central Asia (IDA & IBRD countries),2019,8959.32260249973
TEC,Europe & Central Asia (IDA & IBRD countries),2018,8750.28088810459
TEC,Europe & Central Asia (IDA & IBRD countries),2017,8464.38023977556
TEC,Europe & Central Asia (IDA & IBRD countries),2016,8146.53010473417
TEC,Europe & Central Asia (IDA & IBRD countries),2015,8034.6842596255
TEC,Europe & Central Asia (IDA & IBRD countries),2014,7958.16097502701
TEC,Europe & Central Asia (IDA & IBRD countries),2013,7818.91433979736
TEC,Europe & Central Asia (IDA & IBRD countries),2012,7600.7808253936
TEC,Europe & Central Asia (IDA & IBRD countries),2011,7380.61822115828
TEC,Europe & Central Asia (IDA & IBRD countries),2010,7000.76886191211
TEC,Europe & Central Asia (IDA & IBRD countries),2009,6711.53031024933
TEC,Europe & Central Asia (IDA & IBRD countries),2008,7066.17131599245
TEC,Europe & Central Asia (IDA & IBRD countries),2007,6778.5300441514
TEC,Europe & Central Asia (IDA & IBRD countries),2006,6297.57598769406
TEC,Europe & Central Asia (IDA & IBRD countries),2005,5843.32142618431
TEC,Europe & Central Asia (IDA & IBRD countries),2004,5481.95683609424
EUU,European Union,2024,34899.3225839678
EUU,European Union,2023,34626.5282460477
EUU,European Union,2022,34606.1111714906
EUU,European Union,2021,33488.0493001082
EUU,European Union,2020,31435.0432357987
EUU,European Union,2019,33289.4438136062
EUU,European Union,2018,32739.0873976707
EUU,European Union,2017,32135.668371076
EUU,European Union,2016,31300.1655435498
EUU,European Union,2015,30771.6635221374
EUU,European Union,2014,30117.891265209
EUU,European Union,2013,29667.2132839257
EUU,European Union,2012,29700.9101574933
EUU,European Union,2011,29974.1599339174
EUU,European Union,2010,29352.9533503664
EUU,European Union,2009,28771.7442854218
EUU,European Union,2008,30144.6595203745
EUU,European Union,2007,30060.2071364862
EUU,European Union,2006,29246.6564527789
EUU,European Union,2005,28334.7697308438
EUU,European Union,2004,27885.7767479776
HPC,Heavily indebted poor countries (HIPC),2024,1016.27398761692
HPC,Heavily indebted poor countries (HIPC),2023,992.174917021435
HPC,Heavily indebted poor countries (HIPC),2022,983.847120090035
HPC,Heavily indebted poor countries (HIPC),2021,962.578481916824
HPC,Heavily indebted poor countries (HIPC),2020,947.580161647698
HPC,Heavily indebted poor countries (HIPC),2019,974.069965846461
HPC,Heavily indebted poor countries (HIPC),2018,961.125858662023
HPC,Heavily indebted poor countries (HIPC),2017,949.269457689577
HPC,Heavily indebted poor countries (HIPC),2016,930.303195845621
HPC,Heavily indebted poor countries (HIPC),2015,917.924140878178
HPC,Heavily indebted poor countries (HIPC),2014,900.23327280781
HPC,Heavily indebted poor countries (HIPC),2013,878.389738901825
HPC,Heavily indebted poor countries (HIPC),2012,850.90537224906
HPC,Heavily indebted poor countries (HIPC),2011,840.995109673087
HPC,Heavily indebted poor countries (HIPC),2010,830.195436382547
HPC,Heavily indebted poor countries (HIPC),2009,803.669382584904
HPC,Heavily indebted poor countries (HIPC),2008,799.010898073682
HPC,Heavily indebted poor countries (HIPC),2007,777.852603441457
HPC,Heavily indebted poor countries (HIPC),2006,758.076010727433
HPC,Heavily indebted poor countries (HIPC),2005,737.815494830608
HPC,Heavily indebted poor countries (HIPC),2004,719.286073985495
IBD,IBRD only,2024,7516.23109692996
IBD,IBRD only,2023,7237.59788175414
IBD,IBRD only,2022,6950.42582854395
IBD,IBRD only,2021,6729.33339266546
IBD,IBRD only,2020,6287.10346120634
IBD,IBRD only,2019,6412.74148413925
IBD,IBRD only,2018,6215.67638120711
IBD,IBRD only,2017,5978.75957459242
IBD,IBRD only,2016,5738.52582613831
IBD,IBRD only,2015,5546.81934137697
IBD,IBRD only,2014,5370.20489610287
IBD,IBRD only,2013,5179.63613332378
IBD,IBRD only,2012,4977.09090605651
IBD,IBRD only,2011,4770.82824838185
IBD,IBRD only,2010,4533.00914065275
IBD,IBRD only,2009,4249.82071937767
IBD,IBRD only,2008,4177.43900963448
IBD,IBRD only,2007,3983.75786510527
IBD,IBRD only,2006,3693.37066538383
IBD,IBRD only,2005,3445.54326791071
IBD,IBRD only,2004,3247.59840290551
IBT,IDA & IBRD total,2024,5825.50541967732
IBT,IDA & IBRD total,2023,5634.16482692317
IBT,IDA & IBRD total,2022,5440.77771363889
IBT,IDA & IBRD total,2021,5288.48751677048
IBT,IDA & IBRD total,2020,4975.19205124347
IBT,IDA & IBRD total,2019,5097.1350886918
IBT,IDA & IBRD total,2018,4959.05836315983
IBT,IDA & IBRD total,2017,4788.10478996534
IBT,IDA & IBRD total,2016,4614.08685562372
IBT,IDA & IBRD total,2015,4477.24409653758
IBT,IDA & IBRD total,2014,4349.50164662377
IBT,IDA & IBRD total,2013,4204.1114505155
IBT,IDA & IBRD total,2012,4049.02401734632
IBT,IDA & IBRD total,2011,3898.12924678617
IBT,IDA & IBRD total,2010,3721.63119008758
IBT,IDA & IBRD total,2009,3504.47378188872
IBT,IDA & IBRD total,2008,3449.8203963698
IBT,IDA & IBRD total,2007,3302.82526069676
IBT,IDA & IBRD total,2006,3079.20147750429
IBT,IDA & IBRD total,2005,2886.65266109948
IBT,IDA & IBRD total,2004,2731.20917223408
IDB,IDA blend,2024,2107.6638668718
IDB,IDA blend,2023,2062.62356419287
IDB,IDA blend,2022,2043.42372895199
IDB,IDA blend,2021,1988.14316748151
IDB,IDA blend,2020,1943.87243809295
IDB,IDA blend,2019,2049.30236677741
IDB,IDA blend,2018,2028.14092040239
IDB,IDA blend,2017,1991.50582003859
IDB,IDA blend,2016,1975.50456585507
IDB,IDA blend,2015,1967.8941145813
IDB,IDA blend,2014,1932.2366467346
IDB,IDA blend,2013,1864.20094351718
IDB,IDA blend,2012,1800.98680407865
IDB,IDA blend,2011,1762.43109999793
IDB,IDA blend,2010,1732.0970274752
IDB,IDA blend,2009,1677.01134797999
IDB,IDA blend,2008,1625.06360764076
IDB,IDA blend,2007,1600.87649761883
IDB,IDA blend,2006,1558.19950495576
IDB,IDA blend,2005,1510.78551454883
IDB,IDA blend,2004,1461.53585071321
IDX,IDA only,2024,1173.2818683549
IDX,IDA only,2023,1147.16316787956
IDX,IDA only,2022,1135.34471641403
IDX,IDA only,2021,1112.55281021201
IDX,IDA only,2020,1097.9073513853
IDX,IDA only,2019,1127.40470768605
IDX,IDA only,2018,1100.73857863193
IDX,IDA only,2017,1073.84673193105
IDX,IDA only,2016,1043.61712928397
IDX,IDA only,2015,1024.03892548547
IDX,IDA only,2014,1015.3734765589
IDX,IDA only,2013,987.559506416371
IDX,IDA only,2012,958.993364993698
IDX,IDA only,2011,957.759251305851
IDX,IDA only,2010,941.87311126462
IDX,IDA only,2009,904.690055498465
IDX,IDA only,2008,888.11196361438
IDX,IDA only,2007,857.594387123422
IDX,IDA only,2006,824.39686692688
IDX,IDA only,2005,793.392553485602
IDX,IDA only,2004,763.028687893496
IDA,IDA total,2024,1498.37807376176
IDA,IDA total,2023,1466.40467616719
IDA,IDA total,2022,1452.67025448891
IDA,IDA total,2021,1418.97233507819
IDA,IDA total,2020,1394.41549981948
IDA,IDA total,2019,1451.18305482757
IDA,IDA total,2018,1427.14883414215
IDA,IDA total,2017,1397.38370461298
IDA,IDA total,2016,1372.7296442096
IDA,IDA total,2015,1357.9051932623
IDA,IDA total,2014,1339.89861488766
IDA,IDA total,2013,1297.88287583466
IDA,IDA total,2012,1256.89332471361
IDA,IDA total,2011,1242.31604652501
IDA,IDA total,2010,1220.95123872251
IDA,IDA total,2009,1176.8794999748
IDA,IDA total,2008,1147.24627389385
IDA,IDA total,2007,1118.49861077272
IDA,IDA total,2006,1081.58606287181
IDA,IDA total,2005,1044.65404144036
IDA,IDA total,2004,1007.42076408979
LTE,Late-demographic dividend,2024,11918.0405122553
LTE,Late-demographic dividend,2023,11414.6924038042
LTE,Late-demographic dividend,2022,10941.9407766362
LTE,Late-demographic dividend,2021,10610.2084233095
LTE,Late-demographic dividend,2020,9878.26644474708
LTE,Late-demographic dividend,2019,9886.1162980852
LTE,Late-demographic dividend,2018,9481.1203747958
LTE,Late-demographic dividend,2017,9041.12377451984
LTE,Late-demographic dividend,2016,8645.98435648163
LTE,Late-demographic dividend,2015,8331.63288950883
LTE,Late-demographic dividend,2014,8010.17156732513
LTE,Late-demographic dividend,2013,7663.56295285725
LTE,Late-demographic dividend,2012,7306.62850181868
LTE,Late-demographic dividend,2011,6951.29551622392
LTE,Late-demographic dividend,2010,6526.90643063144
LTE,Late-demographic dividend,2009,6076.71969051382
LTE,Late-demographic dividend,2008,5893.64125969097
LTE,Late-demographic dividend,2007,5546.15574148121
LTE,Late-demographic dividend,2006,5065.16601889118
LTE,Late-demographic dividend,2005,4664.00553113974
LTE,Late-demographic dividend,2004,4353.94772044713
LCN,Latin America & Caribbean,2024,8871.53601669473
LCN,Latin America & Caribbean,2023,8736.17680385723
LCN,Latin America & Caribbean,2022,8606.55427761644
LCN,Latin America & Caribbean,2021,8317.64330039219
LCN,Latin America & Caribbean,2020,7812.95729980292
LCN,Latin America & Caribbean,2019,8447.71177421698
LCN,Latin America & Caribbean,2018,8489.65331062758
LCN,Latin America & Caribbean,2017,8458.43713679231
LCN,Latin America & Caribbean,2016,8404.73192746461
LCN,Latin America & Caribbean,2015,8546.91790238019
LCN,Latin America & Caribbean,2014,8610.20897998125
LCN,Latin America & Caribbean,2013,8594.86059532881
LCN,Latin America & Caribbean,2012,8454.76965680889
LCN,Latin America & Caribbean,2011,8324.64861785153
LCN,Latin America & Caribbean,2010,8060.06410621954
LCN,Latin America & Caribbean,2009,7676.11101980124
LCN,Latin America & Caribbean,2008,7945.57320353123
LCN,Latin America & Caribbean,2007,7751.39723773622
LCN,Latin America & Caribbean,2006,7448.5139089453
LCN,Latin America & Caribbean,2005,7160.6891743433
LCN,Latin America & Caribbean,2004,6962.74810727734
LAC,Latin America & Caribbean (excluding high income),2024,8307.70645839353
LAC,Latin America & Caribbean (excluding high income),2023,8203.23895137503
LAC,Latin America & Caribbean (excluding high income),2022,8089.0443057316
LAC,Latin America & Caribbean (excluding high income),2021,7827.41188417897
LAC,Latin America & Caribbean (excluding high income),2020,7368.61318654015
LAC,Latin America & Caribbean (excluding high income),2019,7962.19314357083
LAC,Latin America & Caribbean (excluding high income),2018,8010.5932042996
LAC,Latin America & Caribbean (excluding high income),2017,7986.11604858229
LAC,Latin America & Caribbean (excluding high income),2016,7932.49607746858
LAC,Latin America & Caribbean (excluding high income),2015,8087.33242325425
LAC,Latin America & Caribbean (excluding high income),2014,8162.13622465638
LAC,Latin America & Caribbean (excluding high income),2013,8155.35128235007
LAC,Latin America & Caribbean (excluding high income),2012,8023.11594740369
LAC,Latin America & Caribbean (excluding high income),2011,7916.87181279329
LAC,Latin America & Caribbean (excluding high income),2010,7665.02918840407
LAC,Latin America & Caribbean (excluding high income),2009,7282.42112731485
LAC,Latin America & Caribbean (excluding high income),2008,7550.46364134656
LAC,Latin America & Caribbean (excluding high income),2007,7361.2956717151
LAC,Latin America & Caribbean (excluding high income),2006,7067.05640436568
LAC,Latin America & Caribbean (excluding high income),2005,6788.80078819268
LAC,Latin America & Caribbean (excluding high income),2004,6598.99754541507
TLA,Latin America & the Caribbean (IDA & IBRD countries),2024,8744.52778534944
TLA,Latin America & the Caribbean (IDA & IBRD countries),2023,8611.07781121831
TLA,Latin America & the Caribbean (IDA & IBRD countries),2022,8479.2645101924
TLA,Latin America & the Caribbean (IDA & IBRD countries),2021,8194.51065809746
TLA,Latin America & the Caribbean (IDA & IBRD countries),2020,7684.93194839094
TLA,Latin America & the Caribbean (IDA & IBRD countries),2019,8304.43005301967
TLA,Latin America & the Caribbean (IDA & IBRD countries),2018,8349.31011182677
TLA,Latin America & the Caribbean (IDA & IBRD countries),2017,8315.23504920842
TLA,Latin America & the Caribbean (IDA & IBRD countries),2016,8259.95033794012
TLA,Latin America & the Caribbean (IDA & IBRD countries),2015,8404.04978849743
TLA,Latin America & the Caribbean (IDA & IBRD countries),2014,8473.41365340212
TLA,Latin America & the Caribbean (IDA & IBRD countries),2013,8456.92525770353
TLA,Latin America & the Caribbean (IDA & IBRD countries),2012,8314.56455528008
TLA,Latin America & the Caribbean (IDA & IBRD countries),2011,8183.49690860235
TLA,Latin America & the Caribbean (IDA & IBRD countries),2010,7913.20182058713
TLA,Latin America & the Caribbean (IDA & IBRD countries),2009,7519.4352696386
TLA,Latin America & the Caribbean (IDA & IBRD countries),2008,7789.67796085559
TLA,Latin America & the Caribbean (IDA & IBRD countries),2007,7589.78302426148
TLA,Latin America & the Caribbean (IDA & IBRD countries),2006,7284.00945702325
TLA,Latin America & the Caribbean (IDA & IBRD countries),2005,6997.30872821488
TLA,Latin America & the Caribbean (IDA & IBRD countries),2004,6799.2914773993
LDC,Least developed countries: UN classification,2024,1090.57292521647
LDC,Least developed countries: UN classification,2023,1074.29165043316
LDC,Least developed countries: UN classification,2022,1066.56260269683
LDC,Least developed countries: UN classification,2021,1041.81864393151
LDC,Least developed countries: UN classification,2020,1037.73611237248
LDC,Least developed countries: UN classification,2019,1064.77726218382
LDC,Least developed countries: UN classification,2018,1040.23273178411
LDC,Least developed countries: UN classification,2017,1017.69408591328
LDC,Least developed countries: UN classification,2016,997.08869308831
LDC,Least developed countries: UN classification,2015,983.414934367096
LDC,Least developed countries: UN classification,2014,979.669421273234
LDC,Least developed countries: UN classification,2013,952.21846887207
LDC,Least developed countries: UN classification,2012,919.308093708723
LDC,Least developed countries: UN classification,2011,911.315681048424
LDC,Least developed countries: UN classification,2010,905.393997038056
LDC,Least developed countries: UN classification,2009,871.259636862048
LDC,Least developed countries: UN classification,2008,855.844899163499
LDC,Least developed countries: UN classification,2007,822.870375237203
LDC,Least developed countries: UN classification,2006,785.207477962037
LDC,Least developed countries: UN classification,2005,752.662444138539
LDC,Least developed countries: UN classification,2004,717.770654491983
LMY,Low & middle income,2024,5539.32895443457
LMY,Low & middle income,2023,5358.98340901979
LMY,Low & middle income,2022,5170.6906311666
LMY,Low & middle income,2021,5019.23390795338
LMY,Low & middle income,2020,4723.43743275583
LMY,Low & middle income,2019,4833.03178169414
LMY,Low & middle income,2018,4699.02853867183
LMY,Low & middle income,2017,4534.54734531501
LMY,Low & middle income,2016,4363.46432262705
LMY,Low & middle income,2015,4223.77742891002
LMY,Low & middle income,2014,4089.19933719999
LMY,Low & middle income,2013,3942.47943622101
LMY,Low & middle income,2012,3784.75096839907
LMY,Low & middle income,2011,3638.55326608162
LMY,Low & middle income,2010,3469.80590095764
LMY,Low & middle income,2009,3254.91684838707
LMY,Low & middle income,2008,3174.81724219519
LMY,Low & middle income,2007,3039.02649139576
LMY,Low & middle income,2006,2831.5291839446
LMY,Low & middle income,2005,2653.8201446199
LMY,Low & middle income,2004,2507.18197955636
MEA,"Middle East, North Africa, Afghanistan & Pakistan",2024,5485.38728777077
MEA,"Middle East, North Africa, Afghanistan & Pakistan",2023,5463.85312225795
MEA,"Middle East, North Africa, Afghanistan & Pakistan",2022,5446.99294793607
MEA,"Middle East, North Africa, Afghanistan & Pakistan",2021,5215.44015006661
MEA,"Middle East, North Africa, Afghanistan & Pakistan",2020,5038.99715364181
MEA,"Middle East, North Africa, Afghanistan & Pakistan",2019,5321.15148636731
MEA,"Middle East, North Africa, Afghanistan & Pakistan",2018,5326.92749664004
MEA,"Middle East, North Africa, Afghanistan & Pakistan",2017,5284.96625263466
MEA,"Middle East, North Africa, Afghanistan & Pakistan",2016,5264.32028463837
MEA,"Middle East, North Africa, Afghanistan & Pakistan",2015,5130.25978607342
MEA,"Middle East, North Africa, Afghanistan & Pakistan",2014,5091.0962863676
MEA,"Middle East, North Africa, Afghanistan & Pakistan",2013,5037.81336990196
MEA,"Middle East, North Africa, Afghanistan & Pakistan",2012,5027.92406494544
MEA,"Middle East, North Africa, Afghanistan & Pakistan",2011,4930.78647700097
MEA,"Middle East, North Africa, Afghanistan & Pakistan",2010,4856.62716897561
MEA,"Middle East, North Africa, Afghanistan & Pakistan",2009,4733.21861400545
MEA,"Middle East, North Africa, Afghanistan & Pakistan",2008,4792.09091697074
MEA,"Middle East, North Africa, Afghanistan & Pakistan",2007,4700.75513970204
MEA,"Middle East, North Africa, Afghanistan & Pakistan",2006,4574.7429671738
MEA,"Middle East, North Africa, Afghanistan & Pakistan",2005,4421.56714645457
MEA,"Middle East, North Africa, Afghanistan & Pakistan",2004,4300.88224696943
MNA,"Middle East, North Africa, Afghanistan & Pakistan (excluding high income)",2024,3032.00524250795
MNA,"Middle East, North Africa, Afghanistan & Pakistan (excluding high income)",2023,3016.25210020449
MNA,"Middle East, North Africa, Afghanistan & Pakistan (excluding high income)",2022,2982.78335555639
MNA,"Middle East, North Africa, Afghanistan & Pakistan (excluding high income)",2021,2908.15343616643
MNA,"Middle East, North Africa, Afghanistan & Pakistan (excluding high income)",2020,2835.4044930412
MNA,"Middle East, North Africa, Afghanistan & Pakistan (excluding high income)",2019,2963.20718256898
MNA,"Middle East, North Africa, Afghanistan & Pakistan (excluding high income)",2018,2975.07985684262
MNA,"Middle East, North Africa, Afghanistan & Pakistan (excluding high income)",2017,2965.75725456964
MNA,"Middle East, North Africa, Afghanistan & Pakistan (excluding high income)",2016,2916.70744518601
MNA,"Middle East, North Africa, Afghanistan & Pakistan (excluding high income)",2015,2808.6233441937
MNA,"Middle East, North Africa, Afghanistan & Pakistan (excluding high income)",2014,2825.61617270762
MNA,"Middle East, North Africa, Afghanistan & Pakistan (excluding high income)",2013,2810.83533998643
MNA,"Middle East, North Africa, Afghanistan & Pakistan (excluding high income)",2012,2833.14222876831
MNA,"Middle East, North Africa, Afghanistan & Pakistan (excluding high income)",2011,2791.2438124294
MNA,"Middle East, North Africa, Afghanistan & Pakistan (excluding high income)",2010,2860.92140660337
MNA,"Middle East, North Africa, Afghanistan & Pakistan (excluding high income)",2009,2788.71696885337
MNA,"Middle East, North Africa, Afghanistan & Pakistan (excluding high income)",2008,2772.41082301408
MNA,"Middle East, North Africa, Afghanistan & Pakistan (excluding high income)",2007,2738.10877611324
MNA,"Middle East, North Africa, Afghanistan & Pakistan (excluding high income)",2006,2644.58495698406
MNA,"Middle East, North Africa, Afghanistan & Pakistan (excluding high income)",2005,2566.78208916082
MNA,"Middle East, North Africa, Afghanistan & Pakistan (excluding high income)",2004,2501.78844532817
TMN,"Middle East, North Africa, Afghanistan & Pakistan (IDA & IBRD)",2024,3037.56299208501
TMN,"Middle East, North Africa, Afghanistan & Pakistan (IDA & IBRD)",2023,3016.38786220006
TMN,"Middle East, North Africa, Afghanistan & Pakistan (IDA & IBRD)",2022,2981.95267795857
TMN,"Middle East, North Africa, Afghanistan & Pakistan (IDA & IBRD)",2021,2907.14478110535
TMN,"Middle East, North Africa, Afghanistan & Pakistan (IDA & IBRD)",2020,2834.79641974013
TMN,"Middle East, North Africa, Afghanistan & Pakistan (IDA & IBRD)",2019,2960.32844444325
TMN,"Middle East, North Africa, Afghanistan & Pakistan (IDA & IBRD)",2018,2972.03291109214
TMN,"Middle East, North Africa, Afghanistan & Pakistan (IDA & IBRD)",2017,2962.3615987999
TMN,"Middle East, North Africa, Afghanistan & Pakistan (IDA & IBRD)",2016,2912.85149131795
TMN,"Middle East, North Africa, Afghanistan & Pakistan (IDA & IBRD)",2015,2805.48695611112
TMN,"Middle East, North Africa, Afghanistan & Pakistan (IDA & IBRD)",2014,2822.91033070601
TMN,"Middle East, North Africa, Afghanistan & Pakistan (IDA & IBRD)",2013,2807.49675855009
TMN,"Middle East, North Africa, Afghanistan & Pakistan (IDA & IBRD)",2012,2830.4473285746
TMN,"Middle East, North Africa, Afghanistan & Pakistan (IDA & IBRD)",2011,2789.01231595172
TMN,"Middle East, North Africa, Afghanistan & Pakistan (IDA & IBRD)",2010,2860.48869374477
TMN,"Middle East, North Africa, Afghanistan & Pakistan (IDA & IBRD)",2009,2788.38392625619
TMN,"Middle East, North Africa, Afghanistan & Pakistan (IDA & IBRD)",2008,2772.98146343357
TMN,"Middle East, North Africa, Afghanistan & Pakistan (IDA & IBRD)",2007,2739.2081362149
TMN,"Middle East, North Africa, Afghanistan & Pakistan (IDA & IBRD)",2006,2645.26623060397
TMN,"Middle East, North Africa, Afghanistan & Pakistan (IDA & IBRD)",2005,2566.36310130843
TMN,"Middle East, North Africa, Afghanistan & Pakistan (IDA & IBRD)",2004,2502.27907345539
MIC,Middle income,2024,6143.92793992414
MIC,Middle income,2023,5930.65300014784
MIC,Middle income,2022,5707.56983867332
MIC,Middle income,2021,5529.07594077267
MIC,Middle income,2020,5189.15700851441
MIC,Middle income,2019,5300.45479347584
MIC,Middle income,2018,5143.80804206815
MIC,Middle income,2017,4954.25658592079
MIC,Middle income,2016,4758.47326248274
MIC,Middle income,2015,4597.60474958281
MIC,Middle income,2014,4441.95318528448
MIC,Middle income,2013,4276.70136715966
MIC,Middle income,2012,4099.73864141949
MIC,Middle income,2011,3930.18409635282
MIC,Middle income,2010,3738.48355881277
MIC,Middle income,2009,3501.39817047288
MIC,Middle income,2008,3410.31647387697
MIC,Middle income,2007,3259.67210709256
MIC,Middle income,2006,3031.32395605497
MIC,Middle income,2005,2835.73705982702
MIC,Middle income,2004,2675.18961309519
NAC,North America,2024,64506.5636066642
NAC,North America,2023,63532.0076871763
NAC,North America,2022,62404.6210602795
NAC,North America,2021,61198.2512363301
NAC,North America,2020,57774.414970072
NAC,North America,2019,59425.2842320485
NAC,North America,2018,58314.2046320345
NAC,North America,2017,57026.2780816387
NAC,North America,2016,56048.8982873869
NAC,North America,2015,55534.4614029189
NAC,North America,2014,54473.0949224699
NAC,North America,2013,53554.2762571962
NAC,North America,2012,52849.308994613
NAC,North America,2011,52118.7246769571
NAC,North America,2010,51671.5125292842
NAC,North America,2009,50741.9965051822
NAC,North America,2008,52571.5603822929
NAC,North America,2007,52982.1116719497
NAC,North America,2006,52436.4017613233
NAC,North America,2005,51517.6950673225
NAC,North America,2004,50256.4478409679
OED,OECD members,2024,40700.644346174
OED,OECD members,2023,40246.7434272636
OED,OECD members,2022,39804.662496136
OED,OECD members,2021,38777.5008307701
OED,OECD members,2020,36615.9210625073
OED,OECD members,2019,38231.9217156517
OED,OECD members,2018,37756.2846941147
OED,OECD members,2017,37096.0220627904
OED,OECD members,2016,36367.1062221549
OED,OECD members,2015,35931.9232791311
OED,OECD members,2014,35262.5460710348
OED,OECD members,2013,34700.9892249754
OED,OECD members,2012,34347.4370080791
OED,OECD members,2011,34082.4870465138
OED,OECD members,2010,33643.2480011289
OED,OECD members,2009,32893.8945245987
OED,OECD members,2008,34298.2304550223
OED,OECD members,2007,34431.7209417636
OED,OECD members,2006,33783.1305010851
OED,OECD members,2005,33018.6989832915
OED,OECD members,2004,32329.4490211008
OSS,Other small states,2024,12591.7678646757
OSS,Other small states,2023,12357.3872788898
OSS,Other small states,2022,12090.2779307406
OSS,Other small states,2021,11725.9484104048
OSS,Other small states,2020,10967.167100197
OSS,Other small states,2019,11766.3686894514
OSS,Other small states,2018,11423.9568368891
OSS,Other small states,2017,11078.920682682
OSS,Other small states,2016,10667.3498101902
OSS,Other small states,2015,10359.1167773921
OSS,Other small states,2014,10136.4144598495
OSS,Other small states,2013,10035.6505283227
OSS,Other small states,2012,10062.238765035
OSS,Other small states,2011,10048.9525362804
OSS,Other small states,2010,9827.79279523027
OSS,Other small states,2009,9697.48344356645
OSS,Other small states,2008,10341.1289954056
OSS,Other small states,2007,10374.8445722028
OSS,Other small states,2006,9957.08940870811
OSS,Other small states,2005,9484.43695184372
OSS,Other small states,2004,9162.0135054625
PSS,Pacific island small states,2024,3983.82503549085
PSS,Pacific island small states,2023,3890.39488708922
PSS,Pacific island small states,2022,3673.22544665674
PSS,Pacific island small states,2021,3430.07442035851
PSS,Pacific island small states,2020,3563.03524602951
PSS,Pacific island small states,2019,4011.32445225678
PSS,Pacific island small states,2018,4006.76552928832
PSS,Pacific island small states,2017,3950.29303336273
PSS,Pacific island small states,2016,3851.98445284976
PSS,Pacific island small states,2015,3761.06673610832
PSS,Pacific island small states,2014,3664.67145222981
PSS,Pacific island small states,2013,3584.67594496285
PSS,Pacific island small states,2012,3517.62486668208
PSS,Pacific island small states,2011,3527.86024214419
PSS,Pacific island small states,2010,3443.97974761278
PSS,Pacific island small states,2009,3363.38936959225
PSS,Pacific island small states,2008,3413.03941195594
PSS,Pacific island small states,2007,3380.41609757067
PSS,Pacific island small states,2006,3412.7724072437
PSS,Pacific island small states,2005,3370.06060523234
PSS,Pacific island small states,2004,3326.36724848114
PST,Post-demographic dividend,2024,46868.8115104791
PST,Post-demographic dividend,2023,46338.3245846606
PST,Post-demographic dividend,2022,45677.3513142375
PST,Post-demographic dividend,2021,44440.6342345946
PST,Post-demographic dividend,2020,41980.2062171255
PST,Post-demographic dividend,2019,43829.7166795611
PST,Post-demographic dividend,2018,43192.4790062502
PST,Post-demographic dividend,2017,42376.9506490702
PST,Post-demographic dividend,2016,41508.8826356411
PST,Post-demographic dividend,2015,40960.9089975197
PST,Post-demographic dividend,2014,40234.9561373078
PST,Post-demographic dividend,2013,39581.7331829371
PST,Post-demographic dividend,2012,39139.8614954799
PST,Post-demographic dividend,2011,38818.0285097988
PST,Post-demographic dividend,2010,38308.9980746451
PST,Post-demographic dividend,2009,37403.0656560604
PST,Post-demographic dividend,2008,38915.530644621
PST,Post-demographic dividend,2007,39009.2237757324
PST,Post-demographic dividend,2006,38248.3840891561
PST,Post-demographic dividend,2005,37354.0516891453
PST,Post-demographic dividend,2004,36518.8922234369
PRE,Pre-demographic dividend,2024,1439.73712111225
PRE,Pre-demographic dividend,2023,1429.18875247624
PRE,Pre-demographic dividend,2022,1430.90365853734
PRE,Pre-demographic dividend,2021,1402.45446054346
PRE,Pre-demographic dividend,2020,1407.15348093823
PRE,Pre-demographic dividend,2019,1507.8698553362
PRE,Pre-demographic dividend,2018,1501.77325261054
PRE,Pre-demographic dividend,2017,1503.731439286
PRE,Pre-demographic dividend,2016,1521.02292118899
PRE,Pre-demographic dividend,2015,1526.04099231967
PRE,Pre-demographic dividend,2014,1523.1979782259
PRE,Pre-demographic dividend,2013,1490.99576376132
PRE,Pre-demographic dividend,2012,1447.56913413737
PRE,Pre-demographic dividend,2011,1429.48857229998
PRE,Pre-demographic dividend,2010,1413.56297929276
PRE,Pre-demographic dividend,2009,1364.66024275943
PRE,Pre-demographic dividend,2008,1341.14167924281
PRE,Pre-demographic dividend,2007,1297.39935876899
PRE,Pre-demographic dividend,2006,1256.95120061394
PRE,Pre-demographic dividend,2005,1217.74344099826
PRE,Pre-demographic dividend,2004,1183.42946823297
SST,Small states,2024,12794.3634985188
SST,Small states,2023,12160.0587635306
SST,Small states,2022,11682.1880704072
SST,Small states,2021,10988.3149576582
SST,Small states,2020,10333.0141438009
SST,Small states,2019,11210.5608938361
SST,Small states,2018,10991.2219783357
SST,Small states,2017,10755.3448582832
SST,Small states,2016,10529.0592324888
SST,Small states,2015,10451.9964952878
SST,Small states,2014,10328.383721223
SST,Small states,2013,10195.8863691367
SST,Small states,2012,10180.0751029745
SST,Small states,2011,10066.3427831055
SST,Small states,2010,9914.45968595479
SST,Small states,2009,9809.37789211833
SST,Small states,2008,10357.4606783297
SST,Small states,2007,10342.0337309381
SST,Small states,2006,9984.06367153864
SST,Small states,2005,9464.63468920637
SST,Small states,2004,9118.62424504978
SAS,South Asia,2024,2329.35958665331
SAS,South Asia,2023,2201.34248982502
SAS,South Asia,2022,2079.70096039385
SAS,South Asia,2021,1957.51785298129
SAS,South Asia,2020,1806.99045379049
SAS,South Asia,2019,1920.39706306333
SAS,South Asia,2018,1863.72112635371
SAS,South Asia,2017,1770.26291313502
SAS,South Asia,2016,1676.35409771736
SAS,South Asia,2015,1570.54142452744
SAS,South Asia,2014,1475.21676492149
SAS,South Asia,2013,1392.20217832083
SAS,South Asia,2012,1326.51107387395
SAS,South Asia,2011,1272.07513801273
SAS,South Asia,2010,1222.51823005713
SAS,South Asia,2009,1145.46231054376
SAS,South Asia,2008,1081.29827128245
SAS,South Asia,2007,1059.31634784168
SAS,South Asia,2006,999.335555352338
SAS,South Asia,2005,940.169908937804
SAS,South Asia,2004,887.193101541892
TSA,South Asia (IDA & IBRD),2024,2329.35958665331
TSA,South Asia (IDA & IBRD),2023,2201.34248982502
TSA,South Asia (IDA & IBRD),2022,2079.70096039385
TSA,South Asia (IDA & IBRD),2021,1957.51785298129
TSA,South Asia (IDA & IBRD),2020,1806.99045379049
TSA,South Asia (IDA & IBRD),2019,1920.39706306333
TSA,South Asia (IDA & IBRD),2018,1863.72112635371
TSA,South Asia (IDA & IBRD),2017,1770.26291313502
TSA,South Asia (IDA & IBRD),2016,1676.35409771736
TSA,South Asia (IDA & IBRD),2015,1570.54142452744
TSA,South Asia (IDA & IBRD),2014,1475.21676492149
TSA,South Asia (IDA & IBRD),2013,1392.20217832083
TSA,South Asia (IDA & IBRD),2012,1326.51107387395
TSA,South Asia (IDA & IBRD),2011,1272.07513801273
TSA,South Asia (IDA & IBRD),2010,1222.51823005713
TSA,South Asia (IDA & IBRD),2009,1145.46231054376
TSA,South Asia (IDA & IBRD),2008,1081.29827128245
TSA,South Asia (IDA & IBRD),2007,1059.31634784168
TSA,South Asia (IDA & IBRD),2006,999.335555352338
TSA,South Asia (IDA & IBRD),2005,940.169908937804
TSA,South Asia (IDA & IBRD),2004,887.193101541892
SSF,Sub-Saharan Africa,2024,1588.93961326571
SSF,Sub-Saharan Africa,2023,1571.4055801623
SSF,Sub-Saharan Africa,2022,1568.02152788113
SSF,Sub-Saharan Africa,2021,1545.11388324435
SSF,Sub-Saharan Africa,2020,1529.91025762634
SSF,Sub-Saharan Africa,2019,1623.20798700291
SSF,Sub-Saharan Africa,2018,1624.6365666885
SSF,Sub-Saharan Africa,2017,1622.88510482914
SSF,Sub-Saharan Africa,2016,1625.38221431193
SSF,Sub-Saharan Africa,2015,1647.32085826836
SSF,Sub-Saharan Africa,2014,1644.07050150089
SSF,Sub-Saharan Africa,2013,1613.00691852166
SSF,Sub-Saharan Africa,2012,1574.72990968301
SSF,Sub-Saharan Africa,2011,1566.14176154754
SSF,Sub-Saharan Africa,2010,1543.42062336352
SSF,Sub-Saharan Africa,2009,1495.84741754789
SSF,Sub-Saharan Africa,2008,1490.82485147612
SSF,Sub-Saharan Africa,2007,1456.90044586522
SSF,Sub-Saharan Africa,2006,1410.57668732902
SSF,Sub-Saharan Africa,2005,1366.97314297454
SSF,Sub-Saharan Africa,2004,1325.18723336594
SSA,Sub-Saharan Africa (excluding high income),2024,1587.52608812619
SSA,Sub-Saharan Africa (excluding high income),2023,1570.00530365333
SSA,Sub-Saharan Africa (excluding high income),2022,1566.66436596342
SSA,Sub-Saharan Africa (excluding high income),2021,1543.83294885439
SSA,Sub-Saharan Africa (excluding high income),2020,1528.60209704355
SSA,Sub-Saharan Africa (excluding high income),2019,1621.67647915089
SSA,Sub-Saharan Africa (excluding high income),2018,1623.15311346717
SSA,Sub-Saharan Africa (excluding high income),2017,1621.43885328826
SSA,Sub-Saharan Africa (excluding high income),2016,1624.00199620793
SSA,Sub-Saharan Africa (excluding high income),2015,1646.07300085129
SSA,Sub-Saharan Africa (excluding high income),2014,1642.90241998613
SSA,Sub-Saharan Africa (excluding high income),2013,1611.85437542034
SSA,Sub-Saharan Africa (excluding high income),2012,1573.55554656004
SSA,Sub-Saharan Africa (excluding high income),2011,1564.97360700684
SSA,Sub-Saharan Africa (excluding high income),2010,1542.33935803034
SSA,Sub-Saharan Africa (excluding high income),2009,1494.78152945706
SSA,Sub-Saharan Africa (excluding high income),2008,1489.69620309457
SSA,Sub-Saharan Africa (excluding high income),2007,1455.69454438035
SSA,Sub-Saharan Africa (excluding high income),2006,1409.44567949082
SSA,Sub-Saharan Africa (excluding high income),2005,1365.91668753392
SSA,Sub-Saharan Africa (excluding high income),2004,1324.19883661399
TSS,Sub-Saharan Africa (IDA & IBRD countries),2024,1588.93961326571
TSS,Sub-Saharan Africa (IDA & IBRD countries),2023,1571.4055801623
TSS,Sub-Saharan Africa (IDA & IBRD countries),2022,1568.02152788113
TSS,Sub-Saharan Africa (IDA & IBRD countries),2021,1545.11388324435
TSS,Sub-Saharan Africa (IDA & IBRD countries),2020,1529.91025762634
TSS,Sub-Saharan Africa (IDA & IBRD countries),2019,1623.20798700291
TSS,Sub-Saharan Africa (IDA & IBRD countries),2018,1624.6365666885
TSS,Sub-Saharan Africa (IDA & IBRD countries),2017,1622.88510482914
TSS,Sub-Saharan Africa (IDA & IBRD countries),2016,1625.38221431193
TSS,Sub-Saharan Africa (IDA & IBRD countries),2015,1647.32085826836
TSS,Sub-Saharan Africa (IDA & IBRD countries),2014,1644.07050150089
TSS,Sub-Saharan Africa (IDA & IBRD countries),2013,1613.00691852166
TSS,Sub-Saharan Africa (IDA & IBRD countries),2012,1574.72990968301
TSS,Sub-Saharan Africa (IDA & IBRD countries),2011,1566.14176154754
TSS,Sub-Saharan Africa (IDA & IBRD countries),2010,1543.42062336352
TSS,Sub-Saharan Africa (IDA & IBRD countries),2009,1495.84741754789
TSS,Sub-Saharan Africa (IDA & IBRD countries),2008,1490.82485147612
TSS,Sub-Saharan Africa (IDA & IBRD countries),2007,1456.90044586522
TSS,Sub-Saharan Africa (IDA & IBRD countries),2006,1410.57668732902
TSS,Sub-Saharan Africa (IDA & IBRD countries),2005,1366.97314297454
TSS,Sub-Saharan Africa (IDA & IBRD countries),2004,1325.18723336594
WLD,World,2024,11894.2521505051
WLD,World,2023,11670.8224680822
WLD,World,2022,11452.0202124616
WLD,World,2021,11167.6044923385
WLD,World,2020,10575.2194883029
WLD,World,2019,10996.909518407
WLD,World,2018,10822.5745320636
WLD,World,2017,10591.5550846784
WLD,World,2016,10355.0449873521
WLD,World,2015,10191.9752512662
WLD,World,2014,10000.5832738734
WLD,World,2013,9811.02619687608
WLD,World,2012,9653.62748273357
WLD,World,2011,9514.51951048996
WLD,World,2010,9322.21791578106
WLD,World,2009,9028.22055162901
WLD,World,2008,9265.52655477352
WLD,World,2007,9191.47419679425
WLD,World,2006,8913.15666856363
WLD,World,2005,8639.35934743695
WLD,World,2004,8408.56458732623
AFG,Afghanistan,2024,374.37669620849
AFG,Afghanistan,2023,378.06630312259
AFG,Afghanistan,2022,377.665627080705
AFG,Afghanistan,2021,408.625855217403
AFG,Afghanistan,2020,527.834554499306
AFG,Afghanistan,2019,557.861533207459
AFG,Afghanistan,2018,553.125151688293
AFG,Afghanistan,2017,562.769574140988
AFG,Afghanistan,2016,563.872336723147
AFG,Afghanistan,2015,565.569730408751
AFG,Afghanistan,2014,575.146245808546
AFG,Afghanistan,2013,580.603833333096
AFG,Afghanistan,2012,568.929021458341
AFG,Afghanistan,2011,525.42698276582
AFG,Afghanistan,2010,542.871030476037
AFG,Afghanistan,2009,488.830652491949
AFG,Afghanistan,2008,417.647282647498
AFG,Afghanistan,2007,410.757728879097
AFG,Afghanistan,2006,367.75831169358
AFG,Afghanistan,2005,363.640141436773
AFG,Afghanistan,2004,338.637273888197
ALB,Albania,2024,6549.23387415397
ALB,Albania,2023,6204.43525612114
ALB,Albania,2022,5867.65096230557
ALB,Albania,2021,5511.75743402862
ALB,Albania,2020,4980.61699524696
ALB,Albania,2019,5072.43648354739
ALB,Albania,2018,4893.82375538717
ALB,Albania,2017,4648.23078660658
ALB,Albania,2016,4431.55635814168
ALB,Albania,2015,4199.53912925398
ALB,Albania,2014,4045.11934884933
ALB,Albania,2013,3895.89975621942
ALB,Albania,2012,3771.84781862015
ALB,Albania,2011,3677.89457937717
ALB,Albania,2010,3579.82413181046
ALB,Albania,2009,3459.24695646692
ALB,Albania,2008,3345.98161761476
ALB,Albania,2007,3105.8796756386
ALB,Albania,2006,2894.36032580174
ALB,Albania,2005,2712.86983830331
ALB,Albania,2004,2567.29763687121
DZA,Algeria,2024,4765.72900168387
DZA,Algeria,2023,4660.40545687895
DZA,Algeria,2022,4544.46688060372
DZA,Algeria,2021,4456.74687637774
DZA,Algeria,2020,4363.68533767783
DZA,Algeria,2019,4672.66408678635
DZA,Algeria,2018,4717.0035885361
DZA,Algeria,2017,4742.90075532529
DZA,Algeria,2016,4768.73140081027
DZA,Algeria,2015,4685.05902729002
DZA,Algeria,2014,4634.10149179952
DZA,Algeria,2013,4543.23444006767
DZA,Algeria,2012,4518.43978956464
DZA,Algeria,2011,4501.3543013352
DZA,Algeria,2010,4456.6102741643
DZA,Algeria,2009,4336.10054052949
DZA,Algeria,2008,4367.56538017541
DZA,Algeria,2007,4339.25055772831
DZA,Algeria,2006,4279.61547120827
DZA,Algeria,2005,4223.60252133943
DZA,Algeria,2004,4066.28204806495
ASM,American Samoa,2024,
ASM,American Samoa,2023,
ASM,American Samoa,2022,13709.0974895473
ASM,American Samoa,2021,13233.5784817341
ASM,American Samoa,2020,13194.274740128
ASM,American Samoa,2019,12524.0160252283
ASM,American Samoa,2018,12412.6024074562
ASM,American Samoa,2017,11930.7771236826
ASM,American Samoa,2016,12665.2829921268
ASM,American Samoa,2015,12727.4102651386
ASM,American Samoa,2014,12203.0894714284
ASM,American Samoa,2013,11871.7937192729
ASM,American Samoa,2012,12068.2667374983
ASM,American Samoa,2011,12521.8095058644
ASM,American Samoa,2010,12446.3086265015
ASM,American Samoa,2009,12342.0575384016
ASM,American Samoa,2008,12809.4633079683
ASM,American Samoa,2007,13092.3111393408
ASM,American Samoa,2006,12794.7565021718
ASM,American Samoa,2005,13284.2791128875
ASM,American Samoa,2004,13291.5356626851
AND,Andorra,2024,41223.9924906603
AND,Andorra,2023,40227.23352974
AND,Andorra,2022,39780.3966130791
AND,Andorra,2021,36929.0191528644
AND,Andorra,2020,34536.6499222556
AND,Andorra,2019,39346.275035865
AND,Andorra,2018,39242.1448975099
AND,Andorra,2017,39361.0622648699
AND,Andorra,2016,40085.020598622
AND,Andorra,2015,38654.9347217207
AND,Andorra,2014,37300.6244197096
AND,Andorra,2013,35684.1694347737
AND,Andorra,2012,36206.9784356446
AND,Andorra,2011,37637.4868342866
AND,Andorra,2010,36277.2644425331
AND,Andorra,2009,35604.3840098196
AND,Andorra,2008,37775.1261404342
AND,Andorra,2007,40789.1589697748
AND,Andorra,2006,41322.0529213846
AND,Andorra,2005,40528.17486238
AND,Andorra,2004,40054.3211531421
AGO,Angola,2024,2798.59392792708
AGO,Angola,2023,2748.95196954248
AGO,Angola,2022,2798.01717317688
AGO,Angola,2021,2788.16737086685
AGO,Angola,2020,2847.24241578243
AGO,Angola,2019,3105.59971242672
AGO,Angola,2018,3246.87857140997
AGO,Angola,2017,3378.07588102598
AGO,Angola,2016,3505.59634681792
AGO,Angola,2015,3641.72893920253
AGO,Angola,2014,3746.81619978931
AGO,Angola,2013,3716.29718727597
AGO,Angola,2012,3682.35229323075
AGO,Angola,2011,3528.16824373698
AGO,Angola,2010,3540.79159568681
AGO,Angola,2009,3494.80724466468
AGO,Angola,2008,3559.19522512538
AGO,Angola,2007,3336.36332465491
AGO,Angola,2006,3065.05576244155
AGO,Angola,2005,2843.39663579921
AGO,Angola,2004,2583.32411461508
ATG,Antigua and Barbuda,2024,18304.5836762037
ATG,Antigua and Barbuda,2023,17938.3186828047
ATG,Antigua and Barbuda,2022,17359.2674811108
ATG,Antigua and Barbuda,2021,16084.7214406048
ATG,Antigua and Barbuda,2020,14950.8942397208
ATG,Antigua and Barbuda,2019,18525.2588907167
ATG,Antigua and Barbuda,2018,18042.1596435727
ATG,Antigua and Barbuda,2017,16992.9327495236
ATG,Antigua and Barbuda,2016,16635.895232831
ATG,Antigua and Barbuda,2015,16077.6340769406
ATG,Antigua and Barbuda,2014,15967.284996712
ATG,Antigua and Barbuda,2013,15748.1952024226
ATG,Antigua and Barbuda,2012,15989.3900199779
ATG,Antigua and Barbuda,2011,15633.9091131821
ATG,Antigua and Barbuda,2010,16135.397384487
ATG,Antigua and Barbuda,2009,17746.700856041
ATG,Antigua and Barbuda,2008,20464.786306605
ATG,Antigua and Barbuda,2007,20770.2689732844
ATG,Antigua and Barbuda,2006,19259.6486517907
ATG,Antigua and Barbuda,2005,17301.2134317518
ATG,Antigua and Barbuda,2004,16433.4130541483
ARG,Argentina,2024,12774.3506596628
ARG,Argentina,2023,12993.0928872416
ARG,Argentina,2022,13276.8232110189
ARG,Argentina,2021,12549.2811699342
ARG,Argentina,2020,11393.0505957877
ARG,Argentina,2019,12706.3978108968
ARG,Argentina,2018,13058.3285449954
ARG,Argentina,2017,13520.1129846159
ARG,Argentina,2016,13265.8860639123
ARG,Argentina,2015,13679.6264980954
ARG,Argentina,2014,13456.1319159151
ARG,Argentina,2013,13946.0950832252
ARG,Argentina,2012,13754.4254235596
ARG,Argentina,2011,14040.6189124444
ARG,Argentina,2010,13387.1553748458
ARG,Argentina,2009,12285.3784651865
ARG,Argentina,2008,13197.3570267029
ARG,Argentina,2007,12811.9021206578
ARG,Argentina,2006,11870.2791559298
ARG,Argentina,2005,11099.7509190602
ARG,Argentina,2004,10302.4465316428
ARM,Armenia,2024,5378.31799981682
ARM,Armenia,2023,5197.23509013575
ARM,Armenia,2022,4791.00481712183
ARM,Armenia,2021,4264.79961505187
ARM,Armenia,2020,4032.09043454955
ARM,Armenia,2019,4343.45839583019
ARM,Armenia,2018,4027.83393010979
ARM,Armenia,2017,3815.3747426037
ARM,Armenia,2016,3533.88503607007
ARM,Armenia,2015,3512.39350276709
ARM,Armenia,2014,3393.09252326884
ARM,Armenia,2013,3266.29882999873
ARM,Armenia,2012,3159.75860786889
ARM,Armenia,2011,2943.83687119315
ARM,Armenia,2010,2796.08143428043
ARM,Armenia,2009,2716.97436280471
ARM,Armenia,2008,3141.33193500774
ARM,Armenia,2007,2919.3734936373
ARM,Armenia,2006,2551.43546358452
ARM,Armenia,2005,2240.09273209788
ARM,Armenia,2004,1955.22262459229
ABW,Aruba,2024,33938.9541769192
ABW,Aruba,2023,31963.0764505349
ABW,Aruba,2022,29198.9903584827
ABW,Aruba,2021,26303.0397202375
ABW,Aruba,2020,22718.2294445007
ABW,Aruba,2019,29700.3634670565
ABW,Aruba,2018,29419.208623316
ABW,Aruba,2017,28548.8904317739
ABW,Aruba,2016,27587.2498040483
ABW,Aruba,2015,27458.2201537506
ABW,Aruba,2014,26773.8229102391
ABW,Aruba,2013,26680.1411206342
ABW,Aruba,2012,25444.7336646687
ABW,Aruba,2011,26093.0542083227
ABW,Aruba,2010,25429.2180974853
ABW,Aruba,2009,26204.0597361984
ABW,Aruba,2008,29870.6648077005
ABW,Aruba,2007,29556.8384686554
ABW,Aruba,2006,28885.9118700469
ABW,Aruba,2005,29081.7066997897
ABW,Aruba,2004,29959.7748189582
AUS,Australia,2024,61486.38147544
AUS,Australia,2023,61869.082498576
AUS,Australia,2022,61200.4588964781
AUS,Australia,2021,59465.535671364
AUS,Australia,2020,58377.7670517802
AUS,Australia,2019,59181.2997904131
AUS,Australia,2018,58772.7063152213
AUS,Australia,2017,57991.771347333
AUS,Australia,2016,57632.9995925594
AUS,Australia,2015,56970.3613028094
AUS,Australia,2014,56571.8062524437
AUS,Australia,2013,55966.1509270561
AUS,Australia,2012,55465.4462872577
AUS,Australia,2011,54296.2321324814
AUS,Australia,2010,53768.349733441
AUS,Australia,2009,53430.5274781651
AUS,Australia,2008,53497.275355342
AUS,Australia,2007,52671.325846724
AUS,Australia,2006,51682.8925230537
AUS,Australia,2005,50972.640519744
AUS,Australia,2004,50018.5904483861
AUT,Austria,2024,45958.8250071261
AUT,Austria,2023,46497.9114640341
AUT,Austria,2022,47332.4240357971
AUT,Austria,2021,45368.6434337368
AUT,Austria,2020,43428.6983137234
AUT,Austria,2019,46550.5622459492
AUT,Austria,2018,45951.5819164034
AUT,Austria,2017,45056.6385912412
AUT,Austria,2016,44362.6702805116
AUT,Austria,2015,43915.228020857
AUT,Austria,2014,43838.8345892137
AUT,Austria,2013,43851.3675497404
AUT,Austria,2012,44221.4599530893
AUT,Austria,2011,44146.1956805294
AUT,Austria,2010,43035.4073531933
AUT,Austria,2009,42372.4758254763
AUT,Austria,2008,44063.8642019916
AUT,Austria,2007,43568.8302243941
AUT,Austria,2006,42120.1557002022
AUT,Austria,2005,40989.0131778975
AUT,Austria,2004,40333.3307183894
AZE,Azerbaijan,2024,5876.03295533913
AZE,Azerbaijan,2023,5668.61021317029
AZE,Azerbaijan,2022,5599.58524971025
AZE,Azerbaijan,2021,5349.58226071425
AZE,Azerbaijan,2020,5087.50022783627
AZE,Azerbaijan,2019,5346.95318604114
AZE,Azerbaijan,2018,5261.92938234432
AZE,Azerbaijan,2017,5229.25259993413
AZE,Azerbaijan,2016,5272.71817141861
AZE,Azerbaijan,2015,5500.50364628486
AZE,Azerbaijan,2014,5508.60265612676
AZE,Azerbaijan,2013,5425.99559780578
AZE,Azerbaijan,2012,5193.17501119552
AZE,Azerbaijan,2011,5149.20665913206
AZE,Azerbaijan,2010,5300.11048729062
AZE,Azerbaijan,2009,5118.43395494687
AZE,Azerbaijan,2008,4778.12452736673
AZE,Azerbaijan,2007,4412.20326117932
AZE,Azerbaijan,2006,3556.83212858133
AZE,Azerbaijan,2005,2674.3688564996
AZE,Azerbaijan,2004,2111.4533834475
BHS,"Bahamas, The",2024,33968.2032187918
BHS,"Bahamas, The",2023,33009.645615121
BHS,"Bahamas, The",2022,32186.4575039237
BHS,"Bahamas, The",2021,29114.0597726386
BHS,"Bahamas, The",2020,24791.6704945106
BHS,"Bahamas, The",2019,31117.6299132391
BHS,"Bahamas, The",2018,31537.2423841956
BHS,"Bahamas, The",2017,30974.7477261317
BHS,"Bahamas, The",2016,30152.1619246021
BHS,"Bahamas, The",2015,30719.405417469
BHS,"Bahamas, The",2014,30658.5344563722
BHS,"Bahamas, The",2013,30368.2631244189
BHS,"Bahamas, The",2012,31553.4919490645
BHS,"Bahamas, The",2011,30492.6738528071
BHS,"Bahamas, The",2010,30657.4319059659
BHS,"Bahamas, The",2009,30581.3342198488
BHS,"Bahamas, The",2008,32331.8246135092
BHS,"Bahamas, The",2007,33549.3360007274
BHS,"Bahamas, The",2006,33541.850748701
BHS,"Bahamas, The",2005,33144.7878790275
BHS,"Bahamas, The",2004,32444.0739567569
BHR,Bahrain,2024,25886.2393152311
BHR,Bahrain,2023,25342.6226641572
BHR,Bahrain,2022,25234.40256182
BHR,Bahrain,2021,24086.7847803428
BHR,Bahrain,2020,23586.9309581516
BHR,Bahrain,2019,24873.6640060134
BHR,Bahrain,2018,24059.7838641562
BHR,Bahrain,2017,23606.8867501313
BHR,Bahrain,2016,23715.2791328712
BHR,Bahrain,2015,23734.0551143019
BHR,Bahrain,2014,24135.4991304849
BHR,Bahrain,2013,24271.6278814506
BHR,Bahrain,2012,23894.8804447088
BHR,Bahrain,2011,23288.0449398313
BHR,Bahrain,2010,22224.0736166249
BHR,Bahrain,2009,22206.9371985225
BHR,Bahrain,2008,23127.2148040048
BHR,Bahrain,2007,23112.4888058398
BHR,Bahrain,2006,23095.0181330228
BHR,Bahrain,2005,23439.6704353038
BHR,Bahrain,2004,23688.1121059225
BGD,Bangladesh,2024,1941.27874360025
BGD,Bangladesh,2023,1885.37733613545
BGD,Bangladesh,2022,1804.3493461776
BGD,Bangladesh,2021,1702.08028414189
BGD,Bangladesh,2020,1604.6659234742
BGD,Bangladesh,2019,1564.20802445636
BGD,Bangladesh,2018,1462.25050255713
BGD,Bangladesh,2017,1373.75363740186
BGD,Bangladesh,2016,1299.83091360792
BGD,Bangladesh,2015,1224.38647668165
BGD,Bangladesh,2014,1159.40753475981
BGD,Bangladesh,2013,1103.15695907123
BGD,Bangladesh,2012,1050.39140404066
BGD,Bangladesh,2011,995.579947155662
BGD,Bangladesh,2010,943.66422864236
BGD,Bangladesh,2009,901.729626251937
BGD,Bangladesh,2008,866.45815762135
BGD,Bangladesh,2007,825.508229964537
BGD,Bangladesh,2006,779.419570444998
BGD,Bangladesh,2005,739.203718353409
BGD,Bangladesh,2004,702.656357081873
BRB,Barbados,2024,22421.5333611295
BRB,Barbados,2023,21701.2660270701
BRB,Barbados,2022,21315.9363255517
BRB,Barbados,2021,18395.6153622073
BRB,Barbados,2020,17056.9868669781
BRB,Barbados,2019,20687.6467427909
BRB,Barbados,2018,20674.3547847984
BRB,Barbados,2017,20766.5518491129
BRB,Barbados,2016,20673.7682337375
BRB,Barbados,2015,20429.4747123553
BRB,Barbados,2014,20636.0327188055
BRB,Barbados,2013,20521.1209928514
BRB,Barbados,2012,20534.8825878653
BRB,Barbados,2011,21200.1949825923
BRB,Barbados,2010,21285.0039393558
BRB,Barbados,2009,23250.8017659349
BRB,Barbados,2008,24605.4523230752
BRB,Barbados,2007,24579.0897752594
BRB,Barbados,2006,24193.1384344674
BRB,Barbados,2005,22918.5438028595
BRB,Barbados,2004,22162.6344048607
BLR,Belarus,2024,6814.34443423546
BLR,Belarus,2023,6497.78450683592
BLR,Belarus,2022,6206.61909685419
BLR,Belarus,2021,6457.73053706343
BLR,Belarus,2020,6251.98898968645
BLR,Belarus,2019,6267.73508743505
BLR,Belarus,2018,6165.91320019277
BLR,Belarus,2017,5964.89668834561
BLR,Belarus,2016,5811.20159182547
BLR,Belarus,2015,5967.05595058777
BLR,Belarus,2014,6212.91667418659
BLR,Belarus,2013,6115.43288098707
BLR,Belarus,2012,6052.6373706236
BLR,Belarus,2011,5941.68999156239
BLR,Belarus,2010,5616.0941173307
BLR,Belarus,2009,5200.77418555423
BLR,Belarus,2008,5177.64534775676
BLR,Belarus,2007,4682.20676719042
BLR,Belarus,2006,4291.68647163264
BLR,Belarus,2005,3877.71738911289
BLR,Belarus,2004,3520.40452642524
BEL,Belgium,2024,45019.6989654607
BEL,Belgium,2023,44828.2274521244
BEL,Belgium,2022,44516.002160801
BEL,Belgium,2021,43140.9676652971
BEL,Belgium,2020,40769.0218072962
BEL,Belgium,2019,43006.4042308863
BEL,Belgium,2018,42208.3625650272
BEL,Belgium,2017,41619.328629169
BEL,Belgium,2016,41172.8862831209
BEL,Belgium,2015,40893.804537772
BEL,Belgium,2014,40533.9135027898
BEL,Belgium,2013,40007.8997891411
BEL,Belgium,2012,40074.492800399
BEL,Belgium,2011,40236.9596308558
BEL,Belgium,2010,39991.5646206286
BEL,Belgium,2009,39293.637546825
BEL,Belgium,2008,40380.9075004042
BEL,Belgium,2007,40520.0843207009
BEL,Belgium,2006,39371.0858277448
BEL,Belgium,2005,38645.2605193362
BEL,Belgium,2004,37976.6972967442
BLZ,Belize,2024,6290.49294452749
BLZ,Belize,2023,6165.69414825936
BLZ,Belize,2022,6262.56088273674
BLZ,Belize,2021,5839.40157956017
BLZ,Belize,2020,5006.48453276935
BLZ,Belize,2019,5864.14611827109
BLZ,Belize,2018,5707.61059954436
BLZ,Belize,2017,5767.61921963762
BLZ,Belize,2016,6012.21296983668
BLZ,Belize,2015,6154.62264230369
BLZ,Belize,2014,6116.49578852783
BLZ,Belize,2013,6013.07879895362
BLZ,Belize,2012,5902.74234696881
BLZ,Belize,2011,5802.24344531492
BLZ,Belize,2010,5937.75398343789
BLZ,Belize,2009,5997.68447156383
BLZ,Belize,2008,6187.95885023655
BLZ,Belize,2007,6465.82885846045
BLZ,Belize,2006,6435.58767337678
BLZ,Belize,2005,6337.12389222378
BLZ,Belize,2004,6383.07432412662
BEN,Benin,2024,1324.78312597434
BEN,Benin,2023,1263.62158336368
BEN,Benin,2022,1218.49668929091
BEN,Benin,2021,1176.37727637273
BEN,Benin,2020,1126.65404122154
BEN,Benin,2019,1114.17304526443
BEN,Benin,2018,1071.50452156932
BEN,Benin,2017,1032.90471194182
BEN,Benin,2016,1006.03926633023
BEN,Benin,2015,1002.41886879614
BEN,Benin,2014,1014.4330062135
BEN,Benin,2013,982.399206290516
BEN,Benin,2012,943.918771531001
BEN,Benin,2011,927.716412836707
BEN,Benin,2010,928.246655329144
BEN,Benin,2009,936.565651071554
BEN,Benin,2008,943.203380303862
BEN,Benin,2007,926.740113754071
BEN,Benin,2006,900.62053578735
BEN,Benin,2005,893.91536869992
BEN,Benin,2004,907.624431209378
BMU,Bermuda,2024,116513.536565041
BMU,Bermuda,2023,114244.681047132
BMU,Bermuda,2022,109412.251159598
BMU,Bermuda,2021,103130.365845318
BMU,Bermuda,2020,98846.4458079644
BMU,Bermuda,2019,106709.881238843
BMU,Bermuda,2018,106843.163739391
BMU,Bermuda,2017,107734.608357327
BMU,Bermuda,2016,104190.876720334
BMU,Bermuda,2015,104855.366822135
BMU,Bermuda,2014,103941.982606956
BMU,Bermuda,2013,107860.394791964
BMU,Bermuda,2012,108040.575659203
BMU,Bermuda,2011,113937.835700983
BMU,Bermuda,2010,118382.908990645
BMU,Bermuda,2009,121727.584908744
BMU,Bermuda,2008,129525.177139097
BMU,Bermuda,2007,132595.482654866
BMU,Bermuda,2006,128662.931924261
BMU,Bermuda,2005,122143.799577518
BMU,Bermuda,2004,120432.12052555
BTN,Bhutan,2024,3717.21053114706
BTN,Bhutan,2023,3480.51388523184
BTN,Bhutan,2022,3349.73309632799
BTN,Bhutan,2021,3206.20366997254
BTN,Bhutan,2020,3092.12428399363
BTN,Bhutan,2019,3467.38598979356
BTN,Bhutan,2018,3300.55006461736
BTN,Bhutan,2017,3211.80903275593
BTN,Bhutan,2016,3173.36773217431
BTN,Bhutan,2015,2954.04081911097
BTN,Bhutan,2014,2797.81883971908
BTN,Bhutan,2013,2671.07460201171
BTN,Bhutan,2012,2654.74798946027
BTN,Bhutan,2011,2552.48871073094
BTN,Bhutan,2010,2378.72810760985
BTN,Bhutan,2009,2148.56480375034
BTN,Bhutan,2008,2017.76018913403
BTN,Bhutan,2007,1952.25734603779
BTN,Bhutan,2006,1701.11878173586
BTN,Bhutan,2005,1632.02169500573
BTN,Bhutan,2004,1552.73915195801
BOL,Bolivia,2024,3045.61476620329
BOL,Bolivia,2023,3122.77049466223
BOL,Bolivia,2022,3088.24126173436
BOL,Bolivia,2021,3011.55110825301
BOL,Bolivia,2020,2765.09271788602
BOL,Bolivia,2019,3207.38695231128
BOL,Bolivia,2018,3204.53670838005
BOL,Bolivia,2017,3160.16421247588
BOL,Bolivia,2016,3077.57057582774
BOL,Bolivia,2015,2996.01289811344
BOL,Bolivia,2014,2900.90241571477
BOL,Bolivia,2013,2793.51457124054
BOL,Bolivia,2012,2657.2388497837
BOL,Bolivia,2011,2568.52051674406
BOL,Bolivia,2010,2481.4070083834
BOL,Bolivia,2009,2422.57579380245
BOL,Bolivia,2008,2383.25032547517
BOL,Bolivia,2007,2283.42733535297
BOL,Bolivia,2006,2221.42722588941
BOL,Bolivia,2005,2156.18670353603
BOL,Bolivia,2004,2099.9908107392
BIH,Bosnia and Herzegovina,2024,6746.95366547249
BIH,Bosnia and Herzegovina,2023,6493.32400514463
BIH,Bosnia and Herzegovina,2022,6327.16206849174
BIH,Bosnia and Herzegovina,2021,5995.54197590494
BIH,Bosnia and Herzegovina,2020,5490.75366635139
BIH,Bosnia and Herzegovina,2019,5583.29721276458
BIH,Bosnia and Herzegovina,2018,5360.25201017633
BIH,Bosnia and Herzegovina,2017,5099.81602856447
BIH,Bosnia and Herzegovina,2016,4876.53471495633
BIH,Bosnia and Herzegovina,2015,4662.25869219448
BIH,Bosnia and Herzegovina,2014,4412.67617817734
BIH,Bosnia and Herzegovina,2013,4306.73175072214
BIH,Bosnia and Herzegovina,2012,4139.91732773657
BIH,Bosnia and Herzegovina,2011,4094.25329541877
BIH,Bosnia and Herzegovina,2010,3981.20985692032
BIH,Bosnia and Herzegovina,2009,3877.53540078456
BIH,Bosnia and Herzegovina,2008,3929.03297717336
BIH,Bosnia and Herzegovina,2007,3665.08966529499
BIH,Bosnia and Herzegovina,2006,3419.75887457192
BIH,Bosnia and Herzegovina,2005,3217.81341615345
BIH,Bosnia and Herzegovina,2004,3063.83543448936
BWA,Botswana,2024,6952.34770386661
BWA,Botswana,2023,7269.05170664457
BWA,Botswana,2022,7159.5860618268
BWA,Botswana,2021,6895.91184943107
BWA,Botswana,2020,6254.24806241091
BWA,Botswana,2019,6951.73189051146
BWA,Botswana,2018,6843.84612027739
BWA,Botswana,2017,6662.57644805467
BWA,Botswana,2016,6490.83463593483
BWA,Botswana,2015,6141.20394726616
BWA,Botswana,2014,6547.12254115892
BWA,Botswana,2013,6284.97678002618
BWA,Botswana,2012,5742.91924452636
BWA,Botswana,2011,5850.07858575461
BWA,Botswana,2010,5584.5034321846
BWA,Botswana,2009,5179.4138607146
BWA,Botswana,2008,6158.61629368051
BWA,Botswana,2007,6085.6354476126
BWA,Botswana,2006,5865.00026521361
BWA,Botswana,2005,5514.21742664705
BWA,Botswana,2004,5369.42516766112
BRA,Brazil,2024,9566.74518687619
BRA,Brazil,2023,9288.02701470069
BRA,Brazil,2022,9032.08481566299
BRA,Brazil,2021,8799.22945810901
BRA,Brazil,2020,8435.01143254978
BRA,Brazil,2019,8771.44051292177
BRA,Brazil,2018,8722.33630317935
BRA,Brazil,2017,8628.25308908043
BRA,Brazil,2016,8577.84376650911
BRA,Brazil,2015,8936.19661712113
BRA,Brazil,2014,9338.34278278114
BRA,Brazil,2013,9366.73932434359
BRA,Brazil,2012,9167.49923929815
BRA,Brazil,2011,9067.99316348047
BRA,Brazil,2010,8792.63436120342
BRA,Brazil,2009,8246.09706995094
BRA,Brazil,2008,8330.76459841304
BRA,Brazil,2007,8003.25413096047
BRA,Brazil,2006,7622.04007133264
BRA,Brazil,2005,7409.56913232718
BRA,Brazil,2004,7258.78185165912
VGB,British Virgin Islands,2024,
VGB,British Virgin Islands,2023,
VGB,British Virgin Islands,2022,
VGB,British Virgin Islands,2021,
VGB,British Virgin Islands,2020,
VGB,British Virgin Islands,2019,
VGB,British Virgin Islands,2018,
VGB,British Virgin Islands,2017,
VGB,British Virgin Islands,2016,
VGB,British Virgin Islands,2015,
VGB,British Virgin Islands,2014,
VGB,British Virgin Islands,2013,
VGB,British Virgin Islands,2012,
VGB,British Virgin Islands,2011,
VGB,British Virgin Islands,2010,
VGB,British Virgin Islands,2009,
VGB,British Virgin Islands,2008,
VGB,British Virgin Islands,2007,
VGB,British Virgin Islands,2006,
VGB,British Virgin Islands,2005,
VGB,British Virgin Islands,2004,
BRN,Brunei Darussalam,2024,29563.8682753082
BRN,Brunei Darussalam,2023,28645.9645396284
BRN,Brunei Darussalam,2022,28549.1756060465
BRN,Brunei Darussalam,2021,29256.1833678343
BRN,Brunei Darussalam,2020,30015.9588506697
BRN,Brunei Darussalam,2019,29996.2407223175
BRN,Brunei Darussalam,2018,29200.1952024222
BRN,Brunei Darussalam,2017,29524.65912789
BRN,Brunei Darussalam,2016,29492.4145927789
BRN,Brunei Darussalam,2015,30625.1287744656
BRN,Brunei Darussalam,2014,31148.7297405401
BRN,Brunei Darussalam,2013,32381.0739795231
BRN,Brunei Darussalam,2012,33544.5389457877
BRN,Brunei Darussalam,2011,33754.3640783713
BRN,Brunei Darussalam,2010,33121.3178241724
BRN,Brunei Darussalam,2009,32855.6021602466
BRN,Brunei Darussalam,2008,34126.6941563969
BRN,Brunei Darussalam,2007,36174.516515486
BRN,Brunei Darussalam,2006,38229.3565684183
BRN,Brunei Darussalam,2005,37312.2778797122
BRN,Brunei Darussalam,2004,37948.6590825194
BGR,Bulgaria,2024,10127.4152566236
BGR,Bulgaria,2023,9787.76510584614
BGR,Bulgaria,2022,9598.35828571579
BGR,Bulgaria,2021,9161.94541759347
BGR,Bulgaria,2020,8440.51416964556
BGR,Bulgaria,2019,8626.5750265742
BGR,Bulgaria,2018,8194.79296320014
BGR,Bulgaria,2017,7899.11056589871
BGR,Bulgaria,2016,7586.89174668116
BGR,Bulgaria,2015,7269.02586513711
BGR,Bulgaria,2014,6941.37319825776
BGR,Bulgaria,2013,6793.08253592745
BGR,Bulgaria,2012,6693.76983060797
BGR,Bulgaria,2011,6605.64616736859
BGR,Bulgaria,2010,6429.04599233108
BGR,Bulgaria,2009,6289.04666609216
BGR,Bulgaria,2008,6465.05231071194
BGR,Bulgaria,2007,6049.05136726418
BGR,Bulgaria,2006,5630.08907245392
BGR,Bulgaria,2005,5231.60538607098
BGR,Bulgaria,2004,4850.11917184577
BFA,Burkina Faso,2024,764.082625588818
BFA,Burkina Faso,2023,745.405334618409
BFA,Burkina Faso,2022,740.306319930259
BFA,Burkina Faso,2021,745.472563435144
BFA,Burkina Faso,2020,713.8421779224
BFA,Burkina Faso,2019,717.021595096634
BFA,Burkina Faso,2018,694.492813126351
BFA,Burkina Faso,2017,669.276310328333
BFA,Burkina Faso,2016,648.420480176012
BFA,Burkina Faso,2015,630.124750752312
BFA,Burkina Faso,2014,624.576885187665
BFA,Burkina Faso,2013,616.741331164082
BFA,Burkina Faso,2012,600.731343697818
BFA,Burkina Faso,2011,581.603658737407
BFA,Burkina Faso,2010,561.847221302489
BFA,Burkina Faso,2009,533.470084831931
BFA,Burkina Faso,2008,533.471299938288
BFA,Burkina Faso,2007,519.26101218434
BFA,Burkina Faso,2006,514.113131757062
BFA,Burkina Faso,2005,499.192797571217
BFA,Burkina Faso,2004,474.086412333459
BDI,Burundi,2024,268.700857389911
BDI,Burundi,2023,264.84330794512
BDI,Burundi,2022,263.587550049119
BDI,Burundi,2021,264.682651658422
BDI,Burundi,2020,263.463876362597
BDI,Burundi,2019,270.411005710809
BDI,Burundi,2018,267.508692172687
BDI,Burundi,2017,261.725839287239
BDI,Burundi,2016,258.061970804063
BDI,Burundi,2015,254.402585226788
BDI,Burundi,2014,261.296721752002
BDI,Burundi,2013,259.311117203355
BDI,Burundi,2012,256.180393931874
BDI,Burundi,2011,254.242110648215
BDI,Burundi,2010,253.308577749924
BDI,Burundi,2009,252.582019875886
BDI,Burundi,2008,256.012461554496
BDI,Burundi,2007,254.311725516331
BDI,Burundi,2006,255.105582251925
BDI,Burundi,2005,250.878933475935
BDI,Burundi,2004,258.050009115333
CPV,Cabo Verde,2024,4438.38741931171
CPV,Cabo Verde,2023,4168.67748407593
CPV,Cabo Verde,2022,3997.76763250653
CPV,Cabo Verde,2021,3471.6553421786
CPV,Cabo Verde,2020,3255.93628984058
CPV,Cabo Verde,2019,4115.90283469406
CPV,Cabo Verde,2018,3853.67940035241
CPV,Cabo Verde,2017,3719.71306047915
CPV,Cabo Verde,2016,3560.1400729534
CPV,Cabo Verde,2015,3415.06266730931
CPV,Cabo Verde,2014,3383.8422809791
CPV,Cabo Verde,2013,3361.09387702205
CPV,Cabo Verde,2012,3341.7421054836
CPV,Cabo Verde,2011,3309.20121643898
CPV,Cabo Verde,2010,3194.61667734233
CPV,Cabo Verde,2009,3159.58698693977
CPV,Cabo Verde,2008,3238.44159287498
CPV,Cabo Verde,2007,3056.97102851154
CPV,Cabo Verde,2006,2683.83943856892
CPV,Cabo Verde,2005,2514.16779255327
CPV,Cabo Verde,2004,2379.79636224135
KHM,Cambodia,2024,2183.55682401667
KHM,Cambodia,2023,2085.05748462122
KHM,Cambodia,2022,2011.27433313262
KHM,Cambodia,2021,1938.76436741728
KHM,Cambodia,2020,1908.63427518336
KHM,Cambodia,2019,2008.32094006706
KHM,Cambodia,2018,1884.28374817086
KHM,Cambodia,2017,1753.93530504662
KHM,Cambodia,2016,1645.46671578126
KHM,Cambodia,2015,1547.32010444393
KHM,Cambodia,2014,1464.53115866927
KHM,Cambodia,2013,1376.29557595926
KHM,Cambodia,2012,1295.25271477893
KHM,Cambodia,2011,1221.38839852454
KHM,Cambodia,2010,1155.85236856699
KHM,Cambodia,2009,1117.25834194514
KHM,Cambodia,2008,1090.57475806147
KHM,Cambodia,2007,1030.23117620792
KHM,Cambodia,2006,947.065220050691
KHM,Cambodia,2005,866.340290123209
KHM,Cambodia,2004,775.847139030978
CMR,Cameroon,2024,1480.73097431993
CMR,Cameroon,2023,1468.17837007337
CMR,Cameroon,2022,1458.66180431693
CMR,Cameroon,2021,1443.57600237663
CMR,Cameroon,2020,1434.51913723409
CMR,Cameroon,2019,1470.31785276187
CMR,Cameroon,2018,1461.01969999317
CMR,Cameroon,2017,1444.90682916573
CMR,Cameroon,2016,1435.61830727839
CMR,Cameroon,2015,1415.00009710569
CMR,Cameroon,2014,1381.81938454907
CMR,Cameroon,2013,1347.2130636706
CMR,Cameroon,2012,1319.66961634054
CMR,Cameroon,2011,1297.3064962694
CMR,Cameroon,2010,1290.9013745759
CMR,Cameroon,2009,1290.89961351149
CMR,Cameroon,2008,1295.02211276052
CMR,Cameroon,2007,1295.73067471287
CMR,Cameroon,2006,1277.32990712342
CMR,Cameroon,2005,1264.74345218659
CMR,Cameroon,2004,1271.74326874167
CAN,Canada,2024,45061.3864587285
CAN,Canada,2023,45495.5100892605
CAN,Canada,2022,45883.0058941892
CAN,Canada,2021,44639.2381171993
CAN,Canada,2020,42366.1710935265
CAN,Canada,2019,45100.336805859
CAN,Canada,2018,44907.3887994469
CAN,Canada,2017,44339.4332217878
CAN,Canada,2016,43551.3863558236
CAN,Canada,2015,43594.2379080706
CAN,Canada,2014,43643.2794910996
CAN,Canada,2013,42851.2135876232
CAN,Canada,2012,42320.6856530018
CAN,Canada,2011,42043.6842044008
CAN,Canada,2010,41164.3812486578
CAN,Canada,2009,40376.4559330928
CAN,Canada,2008,42067.610977795
CAN,Canada,2007,42106.9147186165
CAN,Canada,2006,41663.5541588166
CAN,Canada,2005,41006.264144024
CAN,Canada,2004,40108.7990262916
CYM,Cayman Islands,2024,84381.4731440521
CYM,Cayman Islands,2023,82906.5454943954
CYM,Cayman Islands,2022,79942.1196290248
CYM,Cayman Islands,2021,77259.6331096058
CYM,Cayman Islands,2020,75199.6446006284
CYM,Cayman Islands,2019,80714.5718222987
CYM,Cayman Islands,2018,79305.769672996
CYM,Cayman Islands,2017,77717.1752058822
CYM,Cayman Islands,2016,77031.8643873625
CYM,Cayman Islands,2015,76379.2095108681
CYM,Cayman Islands,2014,76104.6215727416
CYM,Cayman Islands,2013,76038.879554035
CYM,Cayman Islands,2012,77074.3890872511
CYM,Cayman Islands,2011,78233.0187551876
CYM,Cayman Islands,2010,79483.0972813604
CYM,Cayman Islands,2009,84001.4215657607
CYM,Cayman Islands,2008,93115.3168416314
CYM,Cayman Islands,2007,96202.7379415493
CYM,Cayman Islands,2006,96066.6290832355
CYM,Cayman Islands,2005,
CYM,Cayman Islands,2004,
CAF,Central African Republic,2024,389.938307964229
CAF,Central African Republic,2023,397.467795750451
CAF,Central African Republic,2022,398.91539795642
CAF,Central African Republic,2021,396.020622931961
CAF,Central African Republic,2020,398.834274122139
CAF,Central African Republic,2019,401.82582161435
CAF,Central African Republic,2018,395.020015455909
CAF,Central African Republic,2017,387.35795131742
CAF,Central African Republic,2016,376.858254120398
CAF,Central African Republic,2015,366.322853938121
CAF,Central African Republic,2014,351.561554911625
CAF,Central African Republic,2013,349.821171688973
CAF,Central African Republic,2012,553.729578314912
CAF,Central African Republic,2011,532.38295493852
CAF,Central African Republic,2010,519.141456408484
CAF,Central African Republic,2009,492.215398914836
CAF,Central African Republic,2008,450.313616886022
CAF,Central African Republic,2007,450.762785401893
CAF,Central African Republic,2006,439.294330902768
CAF,Central African Republic,2005,427.968043155237
CAF,Central African Republic,2004,433.825227770233
TCD,Chad,2024,855.999353179333
TCD,Chad,2023,856.985507283698
TCD,Chad,2022,862.602128172536
TCD,Chad,2021,857.52763057976
TCD,Chad,2020,884.980541934939
TCD,Chad,2019,917.203710060136
TCD,Chad,2018,898.834794005046
TCD,Chad,2017,879.075895464417
TCD,Chad,2016,923.565872051196
TCD,Chad,2015,993.990730610869
TCD,Chad,2014,993.321157706456
TCD,Chad,2013,1008.61711428961
TCD,Chad,2012,1016.42152061942
TCD,Chad,2011,965.286963559567
TCD,Chad,2010,956.953018707396
TCD,Chad,2009,871.485311278207
TCD,Chad,2008,916.08727463451
TCD,Chad,2007,920.35281567764
TCD,Chad,2006,914.21066458867
TCD,Chad,2005,952.871910087319
TCD,Chad,2004,845.518131165737
CHI,Channel Islands,2024,
CHI,Channel Islands,2023,69818.1528119104
CHI,Channel Islands,2022,67508.9385276664
CHI,Channel Islands,2021,64267.6930018122
CHI,Channel Islands,2020,58636.7036143365
CHI,Channel Islands,2019,64594.5213908684
CHI,Channel Islands,2018,63859.9826096615
CHI,Channel Islands,2017,63393.3938698644
CHI,Channel Islands,2016,62434.1859444218
CHI,Channel Islands,2015,61847.8212238857
CHI,Channel Islands,2014,61892.8083445708
CHI,Channel Islands,2013,60780.669022098
CHI,Channel Islands,2012,60861.9006460501
CHI,Channel Islands,2011,65006.4871287216
CHI,Channel Islands,2010,64722.9832990297
CHI,Channel Islands,2009,67617.8205403696
CHI,Channel Islands,2008,
CHI,Channel Islands,2007,
CHI,Channel Islands,2006,
CHI,Channel Islands,2005,
CHI,Channel Islands,2004,
CHL,Chile,2024,14616.9287938028
CHL,Chile,2023,14294.7106635595
CHL,Chile,2022,14275.4094646211
CHL,Chile,2021,14056.251601955
CHL,Chile,2020,12680.7761524378
CHL,Chile,2019,13631.9284885172
CHL,Chile,2018,13763.0068844795
CHL,Chile,2017,13473.3458532934
CHL,Chile,2016,13505.097711133
CHL,Chile,2015,13433.9202987032
CHL,Chile,2014,13285.9540361192
CHL,Chile,2013,13182.7329619856
CHL,Chile,2012,12882.834417927
CHL,Chile,2011,12252.8441074615
CHL,Chile,2010,11649.2897090856
CHL,Chile,2009,11116.4093443103
CHL,Chile,2008,11356.0922105983
CHL,Chile,2007,11051.3450717678
CHL,Chile,2006,10611.6144012877
CHL,Chile,2005,10104.4208391373
CHL,Chile,2004,9642.37478651228
CHN,China,2024,13119.1076099516
CHN,China,2023,12483.9791101249
CHN,China,2022,11830.298767861
CHN,China,2021,11469.3174514512
CHN,China,2020,10573.3794064211
CHN,China,2019,10356.2924890582
CHN,China,2018,9798.57890566402
CHN,China,2017,9221.35045639842
CHN,China,2016,8679.22528805041
CHN,China,2015,8175.33285077393
CHN,China,2014,7686.37369520403
CHN,China,2013,7197.937319496
CHN,China,2012,6723.09003744607
CHN,China,2011,6275.71634288814
CHN,China,2010,5764.65012366375
CHN,China,2009,5237.78809982377
CHN,China,2008,4811.34486346262
CHN,China,2007,4409.69709445986
CHN,China,2006,3883.27464370816
CHN,China,2005,3465.72767067642
CHN,China,2004,3127.91444892337
COL,Colombia,2024,6865.31283944628
COL,Colombia,2023,6837.37392084534
COL,Colombia,2022,6856.72590505374
COL,Colombia,2021,6457.16921807086
COL,Colombia,2020,5891.95523215403
COL,Colombia,2019,6439.96359812647
COL,Colombia,2018,6353.5464285392
COL,Colombia,2017,6309.67745292518
COL,Colombia,2016,6316.07067782542
COL,Colombia,2015,6248.51490534512
COL,Colombia,2014,6121.83982019825
COL,Colombia,2013,5910.80592301166
COL,Colombia,2012,5675.75617978305
COL,Colombia,2011,5517.1011086899
COL,Colombia,2010,5214.24547620131
COL,Colombia,2009,5046.97121757727
COL,Colombia,2008,5048.57187245249
COL,Colombia,2007,4947.25260813108
COL,Colombia,2006,4694.03442939175
COL,Colombia,2005,4457.27537460443
COL,Colombia,2004,4311.91591255233
COM,Comoros,2024,1402.52614298112
COM,Comoros,2023,1383.64201759575
COM,Comoros,2022,1366.9513495529
COM,Comoros,2021,1360.32663361462
COM,Comoros,2020,1359.7070891825
COM,Comoros,2019,1389.36488014859
COM,Comoros,2018,1391.84570443267
COM,Comoros,2017,1369.41180275963
COM,Comoros,2016,1345.6261652831
COM,Comoros,2015,1329.37048235986
COM,Comoros,2014,1342.3295858321
COM,Comoros,2013,1343.54683280656
COM,Comoros,2012,1313.58187559666
COM,Comoros,2011,1299.11093449408
COM,Comoros,2010,1272.60716208007
COM,Comoros,2009,1250.90237145763
COM,Comoros,2008,1235.97280465287
COM,Comoros,2007,1212.6966173611
COM,Comoros,2006,1227.24669435092
COM,Comoros,2005,1274.61470948066
COM,Comoros,2004,1231.14779946851
COD,"Congo, Dem. Rep.",2024,554.117609962628
COD,"Congo, Dem. Rep.",2023,539.45912637913
COD,"Congo, Dem. Rep.",2022,513.512704372167
COD,"Congo, Dem. Rep.",2021,485.160805929784
COD,"Congo, Dem. Rep.",2020,470.852950000929
COD,"Congo, Dem. Rep.",2019,482.524295129472
COD,"Congo, Dem. Rep.",2018,495.312105711027
COD,"Congo, Dem. Rep.",2017,482.854682128541
COD,"Congo, Dem. Rep.",2016,480.461377880475
COD,"Congo, Dem. Rep.",2015,495.826633014883
COD,"Congo, Dem. Rep.",2014,481.830241883776
COD,"Congo, Dem. Rep.",2013,464.526715460494
COD,"Congo, Dem. Rep.",2012,408.966232816288
COD,"Congo, Dem. Rep.",2011,389.119308449762
COD,"Congo, Dem. Rep.",2010,403.722373878525
COD,"Congo, Dem. Rep.",2009,383.726254541217
COD,"Congo, Dem. Rep.",2008,393.640517898615
COD,"Congo, Dem. Rep.",2007,377.62283005586
COD,"Congo, Dem. Rep.",2006,358.454382275579
COD,"Congo, Dem. Rep.",2005,351.708486411683
COD,"Congo, Dem. Rep.",2004,341.714925752766
COG,"Congo, Rep.",2024,1671.7266018229
COG,"Congo, Rep.",2023,1677.08549205924
COG,"Congo, Rep.",2022,1686.00234391385
COG,"Congo, Rep.",2021,1701.79060456872
COG,"Congo, Rep.",2020,1725.51040049963
COG,"Congo, Rep.",2019,1885.51080877731
COG,"Congo, Rep.",2018,1909.9560382117
COG,"Congo, Rep.",2017,2003.27121075187
COG,"Congo, Rep.",2016,2174.19310251224
COG,"Congo, Rep.",2015,2439.35189403696
COG,"Congo, Rep.",2014,2488.68118548992
COG,"Congo, Rep.",2013,2390.65754938662
COG,"Congo, Rep.",2012,2467.06102906839
COG,"Congo, Rep.",2011,2307.49384399715
COG,"Congo, Rep.",2010,2332.28508055953
COG,"Congo, Rep.",2009,2211.31572382028
COG,"Congo, Rep.",2008,2061.55829880574
COG,"Congo, Rep.",2007,2004.10103961966
COG,"Congo, Rep.",2006,2226.0233547376
COG,"Congo, Rep.",2005,2140.03686200251
COG,"Congo, Rep.",2004,2058.88402946896
CRI,Costa Rica,2024,15052.9149924743
CRI,Costa Rica,2023,14531.5005137466
CRI,Costa Rica,2022,13931.8461614764
CRI,Costa Rica,2021,13267.2549508035
CRI,Costa Rica,2020,12322.2359458534
CRI,Costa Rica,2019,12944.013449341
CRI,Costa Rica,2018,12708.8042828359
CRI,Costa Rica,2017,12468.5654849336
CRI,Costa Rica,2016,12084.4351419988
CRI,Costa Rica,2015,11714.7106121672
CRI,Costa Rica,2014,11422.6735972442
CRI,Costa Rica,2013,11151.1437937744
CRI,Costa Rica,2012,11001.5193084396
CRI,Costa Rica,2011,10612.4694960426
CRI,Costa Rica,2010,10285.0856777667
CRI,Costa Rica,2009,9883.67568633785
CRI,Costa Rica,2008,10104.9092352005
CRI,Costa Rica,2007,9779.51150221827
CRI,Costa Rica,2006,9160.29437313379
CRI,Costa Rica,2005,8655.33967667373
CRI,Costa Rica,2004,8445.52917577429
CIV,Cote d'Ivoire,2024,2395.65916961845
CIV,Cote d'Ivoire,2023,2315.36434710324
CIV,Cote d'Ivoire,2022,2227.08197820584
CIV,Cote d'Ivoire,2021,2146.46047529012
CIV,Cote d'Ivoire,2020,2055.08483996432
CIV,Cote d'Ivoire,2019,2093.09994335779
CIV,Cote d'Ivoire,2018,2013.32307598499
CIV,Cote d'Ivoire,2017,1972.81431788947
CIV,Cote d'Ivoire,2016,1889.27777949938
CIV,Cote d'Ivoire,2015,1814.71855088017
CIV,Cote d'Ivoire,2014,1742.53693001178
CIV,Cote d'Ivoire,2013,1632.32712787006
CIV,Cote d'Ivoire,2012,1503.43433046682
CIV,Cote d'Ivoire,2011,1426.46463864534
CIV,Cote d'Ivoire,2010,1540.52927270246
CIV,Cote d'Ivoire,2009,1473.9183699329
CIV,Cote d'Ivoire,2008,1454.62731800082
CIV,Cote d'Ivoire,2007,1420.1738958245
CIV,Cote d'Ivoire,2006,1437.77453798586
CIV,Cote d'Ivoire,2005,1431.73320203111
CIV,Cote d'Ivoire,2004,1451.86547141894
HRV,Croatia,2024,17854.3262648378
HRV,Croatia,2023,17225.4504515697
HRV,Croatia,2022,16618.3333786183
HRV,Croatia,2021,15395.2861605128
HRV,Croatia,2020,13545.7402289427
HRV,Croatia,2019,14641.8735578488
HRV,Croatia,2018,14061.0597402919
HRV,Croatia,2017,13485.3711360576
HRV,Croatia,2016,12848.473748279
HRV,Croatia,2015,12283.8750299177
HRV,Croatia,2014,11862.7815706266
HRV,Croatia,2013,11838.4554388595
HRV,Croatia,2012,11780.5853491253
HRV,Croatia,2011,11993.1337166457
HRV,Croatia,2010,11965.1414956676
HRV,Croatia,2009,12099.7045228367
HRV,Croatia,2008,12970.5143712302
HRV,Croatia,2007,12718.2002498979
HRV,Croatia,2006,12104.2947219361
HRV,Croatia,2005,11522.944604729
HRV,Croatia,2004,11059.1274155158
CUB,Cuba,2024,7381.39774048869
CUB,Cuba,2023,7433.42885399674
CUB,Cuba,2022,7552.33152218842
CUB,Cuba,2021,7379.04275283674
CUB,Cuba,2020,7252.28811179844
CUB,Cuba,2019,8124.75282059108
CUB,Cuba,2018,8120.43123558256
CUB,Cuba,2017,7927.27769431767
CUB,Cuba,2016,7774.0698462623
CUB,Cuba,2015,7727.91997207998
CUB,Cuba,2014,7392.48324633027
CUB,Cuba,2013,7307.82004410741
CUB,Cuba,2012,7109.24834185635
CUB,Cuba,2011,6902.16397571139
CUB,Cuba,2010,6716.49048497058
CUB,Cuba,2009,6561.25305093006
CUB,Cuba,2008,6469.08507847668
CUB,Cuba,2007,6215.76603727772
CUB,Cuba,2006,5799.41163668615
CUB,Cuba,2005,5182.35283601732
CUB,Cuba,2004,4670.18802138025
CUW,Curacao,2024,18044.7750692923
CUW,Curacao,2023,17326.9645481336
CUW,Curacao,2022,16772.8146989153
CUW,Curacao,2021,15625.4113227953
CUW,Curacao,2020,14849.9698474917
CUW,Curacao,2019,17980.5298177114
CUW,Curacao,2018,18355.1767135889
CUW,Curacao,2017,18651.4798142441
CUW,Curacao,2016,18953.0537415003
CUW,Curacao,2015,19361.8130008678
CUW,Curacao,2014,19529.5286704975
CUW,Curacao,2013,19921.4770634064
CUW,Curacao,2012,20277.5111916571
CUW,Curacao,2011,20518.0986087103
CUW,Curacao,2010,20706.4374577658
CUW,Curacao,2009,20952.8998451864
CUW,Curacao,2008,21202.4305115575
CUW,Curacao,2007,21011.1570622011
CUW,Curacao,2006,20913.6630394407
CUW,Curacao,2005,21112.3219220136
CUW,Curacao,2004,21512.1116035171
CYP,Cyprus,2024,32757.541015625
CYP,Cyprus,2023,32022.01953125
CYP,Cyprus,2022,31505.2109375
CYP,Cyprus,2021,29517.05859375
CYP,Cyprus,2020,26895.671875
CYP,Cyprus,2019,28167.146484375
CYP,Cyprus,2018,26962.392578125
CYP,Cyprus,2017,25665.990234375
CYP,Cyprus,2016,24477.974609375
CYP,Cyprus,2015,23088.4296875
CYP,Cyprus,2014,22373.56640625
CYP,Cyprus,2013,22711.708984375
CYP,Cyprus,2012,24285.484375
CYP,Cyprus,2011,25538.76953125
CYP,Cyprus,2010,26090.037109375
CYP,Cyprus,2009,26183.673828125
CYP,Cyprus,2008,27449.212890625
CYP,Cyprus,2007,27156.806640625
CYP,Cyprus,2006,26395.490234375
CYP,Cyprus,2005,25631.35546875
CYP,Cyprus,2004,24799.63671875
CZE,Czechia,2024,20449.1135911311
CZE,Czechia,2023,20272.5874017334
CZE,Czechia,2022,20627.348651011
CZE,Czechia,2021,20373.8783043424
CZE,Czechia,2020,19233.1469549829
CZE,Czechia,2019,20360.0599221814
CZE,Czechia,2018,19736.6295261285
CZE,Czechia,2017,19257.6930680911
CZE,Czechia,2016,18359.0978103904
CZE,Czechia,2015,17931.5987670768
CZE,Czechia,2014,17118.0425571578
CZE,Czechia,2013,16759.7808635642
CZE,Czechia,2012,16772.3539223328
CZE,Czechia,2011,16926.2846674435
CZE,Czechia,2010,16665.9317825137
CZE,Czechia,2009,16272.8084766719
CZE,Czechia,2008,17190.6470333289
CZE,Czechia,2007,16892.542854974
CZE,Czechia,2006,16107.3042502688
CZE,Czechia,2005,15147.7214417611
CZE,Czechia,2004,14259.63342798
DNK,Denmark,2024,60772.8624276041
DNK,Denmark,2023,59026.9843650999
DNK,Denmark,2022,59108.7449374068
DNK,Denmark,2021,59312.8158043771
DNK,Denmark,2020,55934.5555945523
DNK,Denmark,2019,57114.6227336347
DNK,Denmark,2018,56355.0733084714
DNK,Denmark,2017,55601.0145717787
DNK,Denmark,2016,54300.2039621991
DNK,Denmark,2015,53094.0133607574
DNK,Denmark,2014,52368.3625969272
DNK,Denmark,2013,51970.3909324806
DNK,Denmark,2012,51470.689845427
DNK,Denmark,2011,51667.5313210425
DNK,Denmark,2010,51209.4492757775
DNK,Denmark,2009,50635.9118061988
DNK,Denmark,2008,53572.5346568185
DNK,Denmark,2007,54113.9771471341
DNK,Denmark,2006,53823.1590295482
DNK,Denmark,2005,52015.1841169021
DNK,Denmark,2004,50956.3045398814
DJI,Djibouti,2024,3290.42482052598
DJI,Djibouti,2023,3117.8155381531
DJI,Djibouti,2022,2959.78673011268
DJI,Djibouti,2021,2854.15987035097
DJI,Djibouti,2020,2773.40661780097
DJI,Djibouti,2019,2781.94350113484
DJI,Djibouti,2018,2677.1650334451
DJI,Djibouti,2017,2596.45134698268
DJI,Djibouti,2016,2502.85181449431
DJI,Djibouti,2015,2376.12554719873
DJI,Djibouti,2014,2253.14082249768
DJI,Djibouti,2013,2140.13769442336
DJI,Djibouti,2012,
DJI,Djibouti,2011,
DJI,Djibouti,2010,
DJI,Djibouti,2009,
DJI,Djibouti,2008,
DJI,Djibouti,2007,
DJI,Djibouti,2006,
DJI,Djibouti,2005,
DJI,Djibouti,2004,
DMA,Dominica,2024,9172.71049624795
DMA,Dominica,2023,8946.98822588042
DMA,Dominica,2022,8590.92209069816
DMA,Dominica,2021,7738.31730070386
DMA,Dominica,2020,7302.94454951254
DMA,Dominica,2019,8624.51695993537
DMA,Dominica,2018,8261.16492553236
DMA,Dominica,2017,7985.6341102129
DMA,Dominica,2016,8499.52291903149
DMA,Dominica,2015,8282.59874702141
DMA,Dominica,2014,8576.26367623609
DMA,Dominica,2013,8459.6586988024
DMA,Dominica,2012,8532.34388117289
DMA,Dominica,2011,8553.8384670104
DMA,Dominica,2010,8574.27308682238
DMA,Dominica,2009,8582.71481435718
DMA,Dominica,2008,8682.57378179773
DMA,Dominica,2007,8106.18951878325
DMA,Dominica,2006,7698.53701483824
DMA,Dominica,2005,7381.74728529453
DMA,Dominica,2004,7323.8530008275
DOM,Dominican Republic,2024,9168.45418897141
DOM,Dominican Republic,2023,8809.96335385949
DOM,Dominican Republic,2022,8698.13592094395
DOM,Dominican Republic,2021,8344.90510312395
DOM,Dominican Republic,2020,7395.8734262396
DOM,Dominican Republic,2019,8117.04639185786
DOM,Dominican Republic,2018,7818.70593240469
DOM,Dominican Republic,2017,7379.39978067137
DOM,Dominican Republic,2016,7177.75376475488
DOM,Dominican Republic,2015,6800.95309395474
DOM,Dominican Republic,2014,6430.27811051339
DOM,Dominican Republic,2013,6075.03399972737
DOM,Dominican Republic,2012,5860.29893321013
DOM,Dominican Republic,2011,5773.57403459156
DOM,Dominican Republic,2010,5666.45633430206
DOM,Dominican Republic,2009,5294.64953374426
DOM,Dominican Republic,2008,5308.92664966814
DOM,Dominican Republic,2007,5204.78500652254
DOM,Dominican Republic,2006,4904.71715839398
DOM,Dominican Republic,2005,4549.24957008857
DOM,Dominican Republic,2004,4212.01044121773
ECU,Ecuador,2024,5993.74697758454
ECU,Ecuador,2023,6165.40977555695
ECU,Ecuador,2022,6107.49495006543
ECU,Ecuador,2021,5815.09477390949
ECU,Ecuador,2020,5355.68934196443
ECU,Ecuador,2019,5971.38938386723
ECU,Ecuador,2018,6063.0956178776
ECU,Ecuador,2017,6104.27253521751
ECU,Ecuador,2016,5849.13587933672
ECU,Ecuador,2015,5976.1596805651
ECU,Ecuador,2014,6055.04172761485
ECU,Ecuador,2013,5893.32172683036
ECU,Ecuador,2012,5579.85624282158
ECU,Ecuador,2011,5359.45724615639
ECU,Ecuador,2010,5022.20374387205
ECU,Ecuador,2009,4909.33681705683
ECU,Ecuador,2008,4939.90215021789
ECU,Ecuador,2007,4715.30359842555
ECU,Ecuador,2006,4706.98056823816
ECU,Ecuador,2005,4589.32849203452
ECU,Ecuador,2004,4430.23717984188
EGY,"Egypt, Arab Rep.",2024,4137.6092923313
EGY,"Egypt, Arab Rep.",2023,4111.3118479018
EGY,"Egypt, Arab Rep.",2022,4029.78295458204
EGY,"Egypt, Arab Rep.",2021,3837.31992325256
EGY,"Egypt, Arab Rep.",2020,3770.86947868544
EGY,"Egypt, Arab Rep.",2019,3701.2446344954
EGY,"Egypt, Arab Rep.",2018,3568.63966286365
EGY,"Egypt, Arab Rep.",2017,3452.90961245976
EGY,"Egypt, Arab Rep.",2016,3381.22246307712
EGY,"Egypt, Arab Rep.",2015,3306.98159414141
EGY,"Egypt, Arab Rep.",2014,3235.66246235519
EGY,"Egypt, Arab Rep.",2013,3216.37839024454
EGY,"Egypt, Arab Rep.",2012,3220.99194201188
EGY,"Egypt, Arab Rep.",2011,3222.37650111397
EGY,"Egypt, Arab Rep.",2010,3233.84521249306
EGY,"Egypt, Arab Rep.",2009,3135.09661305712
EGY,"Egypt, Arab Rep.",2008,3052.2129784594
EGY,"Egypt, Arab Rep.",2007,2902.06559803259
EGY,"Egypt, Arab Rep.",2006,2761.62410768311
EGY,"Egypt, Arab Rep.",2005,2635.70305226634
EGY,"Egypt, Arab Rep.",2004,2574.42341789647
SLV,El Salvador,2024,4576.55846613444
SLV,El Salvador,2023,4481.19664108356
SLV,El Salvador,2022,4355.96037108555
SLV,El Salvador,2021,4247.54750394978
SLV,El Salvador,2020,3808.53195436409
SLV,El Salvador,2019,4143.11437097867
SLV,El Salvador,2018,4046.16291720583
SLV,El Salvador,2017,3954.84014277572
SLV,El Salvador,2016,3875.84691357954
SLV,El Salvador,2015,3790.34089108162
SLV,El Salvador,2014,3713.94992016222
SLV,El Salvador,2013,3665.90044167854
SLV,El Salvador,2012,3600.31912505518
SLV,El Salvador,2011,3515.19664634846
SLV,El Salvador,2010,3398.49346060363
SLV,El Salvador,2009,3337.81150878211
SLV,El Salvador,2008,3420.44927357443
SLV,El Salvador,2007,3359.1623024135
SLV,El Salvador,2006,3302.34817354347
SLV,El Salvador,2005,3163.36118376833
SLV,El Salvador,2004,3081.23629665234
GNQ,Equatorial Guinea,2024,4892.95310498567
GNQ,Equatorial Guinea,2023,4992.26076814571
GNQ,Equatorial Guinea,2022,5524.24312418579
GNQ,Equatorial Guinea,2021,5487.92479201992
GNQ,Equatorial Guinea,2020,5575.26241511492
GNQ,Equatorial Guinea,2019,6018.12066321865
GNQ,Equatorial Guinea,2018,6578.90039765711
GNQ,Equatorial Guinea,2017,7259.10936454803
GNQ,Equatorial Guinea,2016,7971.83401904573
GNQ,Equatorial Guinea,2015,9068.91003238645
GNQ,Equatorial Guinea,2014,10363.4872473549
GNQ,Equatorial Guinea,2013,10731.6455729191
GNQ,Equatorial Guinea,2012,11650.7196270884
GNQ,Equatorial Guinea,2011,11203.9073679091
GNQ,Equatorial Guinea,2010,10984.3243932426
GNQ,Equatorial Guinea,2009,12627.862381545
GNQ,Equatorial Guinea,2008,13048.0703050168
GNQ,Equatorial Guinea,2007,11594.9172068456
GNQ,Equatorial Guinea,2006,10521.9996774827
GNQ,Equatorial Guinea,2005,10212.4545051498
GNQ,Equatorial Guinea,2004,9208.60566707162
ERI,Eritrea,2024,
ERI,Eritrea,2023,
ERI,Eritrea,2022,
ERI,Eritrea,2021,
ERI,Eritrea,2020,
ERI,Eritrea,2019,
ERI,Eritrea,2018,
ERI,Eritrea,2017,
ERI,Eritrea,2016,
ERI,Eritrea,2015,
ERI,Eritrea,2014,
ERI,Eritrea,2013,
ERI,Eritrea,2012,
ERI,Eritrea,2011,751.374899794668
ERI,Eritrea,2010,703.877374381654
ERI,Eritrea,2009,702.430936480778
ERI,Eritrea,2008,693.398874212494
ERI,Eritrea,2007,789.072701743247
ERI,Eritrea,2006,789.402432018085
ERI,Eritrea,2005,809.794793468889
ERI,Eritrea,2004,808.591420184592
EST,Estonia,2024,20078.1397620993
EST,Estonia,2023,20126.3730486957
EST,Estonia,2022,21023.2994937246
EST,Estonia,2021,21570.6658455268
EST,Estonia,2020,19946.945696898
EST,Estonia,2019,20579.8756732376
EST,Estonia,2018,19914.3454922878
EST,Estonia,2017,19270.8141210511
EST,Estonia,2016,18264.9873304279
EST,Estonia,2015,17722.1557669523
EST,Estonia,2014,17413.6867560212
EST,Estonia,2013,16809.5326683781
EST,Estonia,2012,16460.6843479001
EST,Estonia,2011,15820.922342204
EST,Estonia,2010,14657.939813612
EST,Estonia,2009,14274.8511086787
EST,Estonia,2008,16688.997772178
EST,Estonia,2007,17543.4661785723
EST,Estonia,2006,16234.5152041417
EST,Estonia,2005,14703.6179707772
EST,Estonia,2004,13348.5284463324
SWZ,Eswatini,2024,3866.37127926695
SWZ,Eswatini,2023,3790.16576788091
SWZ,Eswatini,2022,3695.64957179548
SWZ,Eswatini,2021,3719.03838239806
SWZ,Eswatini,2020,3609.3669136859
SWZ,Eswatini,2019,3759.67106964666
SWZ,Eswatini,2018,3565.54285067501
SWZ,Eswatini,2017,3596.23605400492
SWZ,Eswatini,2016,3500.17688847942
SWZ,Eswatini,2015,3419.82276559528
SWZ,Eswatini,2014,3381.79292071291
SWZ,Eswatini,2013,3332.11983927912
SWZ,Eswatini,2012,3218.50138205493
SWZ,Eswatini,2011,3108.70225253092
SWZ,Eswatini,2010,3069.52175725884
SWZ,Eswatini,2009,2973.83456912379
SWZ,Eswatini,2008,2950.67334362132
SWZ,Eswatini,2007,2928.46845823015
SWZ,Eswatini,2006,2823.48728215402
SWZ,Eswatini,2005,2658.75180508187
SWZ,Eswatini,2004,2522.14342097167
ETH,Ethiopia,2024,883.458588614999
ETH,Ethiopia,2023,842.446604881663
ETH,Ethiopia,2022,811.177729337321
ETH,Ethiopia,2021,790.657019602458
ETH,Ethiopia,2020,768.705424484873
ETH,Ethiopia,2019,744.702789740042
ETH,Ethiopia,2018,705.96881207336
ETH,Ethiopia,2017,678.98541915757
ETH,Ethiopia,2016,636.835680951429
ETH,Ethiopia,2015,597.912113218663
ETH,Ethiopia,2014,556.362532243867
ETH,Ethiopia,2013,518.324662208106
ETH,Ethiopia,2012,481.639999909808
ETH,Ethiopia,2011,455.909628648555
ETH,Ethiopia,2010,421.898622378633
ETH,Ethiopia,2009,385.632419711374
ETH,Ethiopia,2008,364.642208155735
ETH,Ethiopia,2007,338.799064654308
ETH,Ethiopia,2006,313.013896721503
ETH,Ethiopia,2005,290.833381425059
ETH,Ethiopia,2004,267.923513391712
FRO,Faroe Islands,2024,59302.1098546142
FRO,Faroe Islands,2023,59067.5637446297
FRO,Faroe Islands,2022,57784.7223702914
FRO,Faroe Islands,2021,56275.5306614124
FRO,Faroe Islands,2020,54305.7918823334
FRO,Faroe Islands,2019,56031.6628701293
FRO,Faroe Islands,2018,54432.5257658066
FRO,Faroe Islands,2017,53832.1022752798
FRO,Faroe Islands,2016,52758.462646154
FRO,Faroe Islands,2015,52638.2668218454
FRO,Faroe Islands,2014,52645.8769957728
FRO,Faroe Islands,2013,50121.7919684574
FRO,Faroe Islands,2012,47304.8451728204
FRO,Faroe Islands,2011,43947.1570625821
FRO,Faroe Islands,2010,42334.391628988
FRO,Faroe Islands,2009,42379.0851176044
FRO,Faroe Islands,2008,44623.0315871975
FRO,Faroe Islands,2007,
FRO,Faroe Islands,2006,
FRO,Faroe Islands,2005,
FRO,Faroe Islands,2004,
FJI,Fiji,2024,5935.20895738332
FJI,Fiji,2023,5761.56947891018
FJI,Fiji,2022,5291.51692439451
FJI,Fiji,2021,4507.33353013335
FJI,Fiji,2020,4721.12281287253
FJI,Fiji,2019,5701.10434532357
FJI,Fiji,2018,5720.21445752907
FJI,Fiji,2017,5500.67840280072
FJI,Fiji,2016,5218.85824573477
FJI,Fiji,2015,5097.53106864695
FJI,Fiji,2014,4883.24299340799
FJI,Fiji,2013,4630.3512738488
FJI,Fiji,2012,4427.97841523552
FJI,Fiji,2011,4375.58083514077
FJI,Fiji,2010,4272.35916210382
FJI,Fiji,2009,4164.29314815569
FJI,Fiji,2008,4240.77264898616
FJI,Fiji,2007,4223.44802067613
FJI,Fiji,2006,4295.40677074806
FJI,Fiji,2005,4255.45096025011
FJI,Fiji,2004,4264.59725802376
FIN,Finland,2024,45075.1684940688
FIN,Finland,2023,45196.4814400136
FIN,Finland,2022,46016.1492103929
FIN,Finland,2021,45792.0454180872
FIN,Finland,2020,44690.9801103074
FIN,Finland,2019,45898.5708448954
FIN,Finland,2018,45337.2409550575
FIN,Finland,2017,44862.220404205
FIN,Finland,2016,43529.6761616969
FIN,Finland,2015,42560.3456767103
FIN,Finland,2014,42502.4880199858
FIN,Finland,2013,42883.6384986417
FIN,Finland,2012,43507.9345371578
FIN,Finland,2011,44391.4535667984
FIN,Finland,2010,43556.5385834368
FIN,Finland,2009,42412.5133513534
FIN,Finland,2008,46359.8732844055
FIN,Finland,2007,46213.6898975737
FIN,Finland,2006,44069.3958834717
FIN,Finland,2005,42529.3506920884
FIN,Finland,2004,41521.962874476
FRA,France,2024,39683.3953489029
FRA,France,2023,39319.4152227295
FRA,France,2022,38868.3303330557
FRA,France,2021,38030.8571685178
FRA,France,2020,35709.2045925926
FRA,France,2019,38705.2072940618
FRA,France,2018,38062.4435961412
FRA,France,2017,37580.5979329356
FRA,France,2016,36920.5342846914
FRA,France,2015,36702.4323733379
FRA,France,2014,36444.3949089146
FRA,France,2013,36256.086680981
FRA,France,2012,36161.2918253465
FRA,France,2011,36269.9561530888
FRA,France,2010,35578.1968010183
FRA,France,2009,35052.8510772683
FRA,France,2008,36257.3658930938
FRA,France,2007,36322.1685141004
FRA,France,2006,35645.4162427116
FRA,France,2005,34946.0372494703
FRA,France,2004,34557.1471111581
PYF,French Polynesia,2024,20846.6514059991
PYF,French Polynesia,2023,20664.9770259225
PYF,French Polynesia,2022,20160.4994298379
PYF,French Polynesia,2021,19626.2332540206
PYF,French Polynesia,2020,19026.790444196
PYF,French Polynesia,2019,21289.8751241139
PYF,French Polynesia,2018,20674.4206829029
PYF,French Polynesia,2017,20287.7685831663
PYF,French Polynesia,2016,19516.0718353276
PYF,French Polynesia,2015,19166.9594761931
PYF,French Polynesia,2014,18928.1858620128
PYF,French Polynesia,2013,18930.1268887012
PYF,French Polynesia,2012,18968.4422157904
PYF,French Polynesia,2011,19241.6437951625
PYF,French Polynesia,2010,19913.0252687915
PYF,French Polynesia,2009,20499.7723032831
PYF,French Polynesia,2008,21493.4178311249
PYF,French Polynesia,2007,21648.532237682
PYF,French Polynesia,2006,21545.5997136473
PYF,French Polynesia,2005,21661.4244664054
PYF,French Polynesia,2004,21919.9410589378
GAB,Gabon,2024,6618.9868586134
GAB,Gabon,2023,6541.25368618042
GAB,Gabon,2022,6527.48207901861
GAB,Gabon,2021,6479.0490069252
GAB,Gabon,2020,6534.27966529444
GAB,Gabon,2019,6817.56879468764
GAB,Gabon,2018,6724.5961429108
GAB,Gabon,2017,6840.05959347802
GAB,Gabon,2016,6991.3251446736
GAB,Gabon,2015,7047.12654634355
GAB,Gabon,2014,6998.60545439576
GAB,Gabon,2013,6938.25753862236
GAB,Gabon,2012,6803.22668079211
GAB,Gabon,2011,6699.23394606512
GAB,Gabon,2010,6481.49612073562
GAB,Gabon,2009,6264.83611480154
GAB,Gabon,2008,6468.38523357609
GAB,Gabon,2007,6908.67399162999
GAB,Gabon,2006,6724.08148977274
GAB,Gabon,2005,7130.22505771754
GAB,Gabon,2004,7148.98713447497
GMB,"Gambia, The",2024,758.965888826955
GMB,"Gambia, The",2023,735.612384062616
GMB,"Gambia, The",2022,710.686979216316
GMB,"Gambia, The",2021,689.49323955737
GMB,"Gambia, The",2020,670.758642891251
GMB,"Gambia, The",2019,682.797642940426
GMB,"Gambia, The",2018,658.127833258563
GMB,"Gambia, The",2017,628.777299272925
GMB,"Gambia, The",2016,615.193365494386
GMB,"Gambia, The",2015,619.536364296461
GMB,"Gambia, The",2014,611.879472952196
GMB,"Gambia, The",2013,638.522368532214
GMB,"Gambia, The",2012,639.139881889048
GMB,"Gambia, The",2011,625.464360270983
GMB,"Gambia, The",2010,701.014524591061
GMB,"Gambia, The",2009,681.433469086571
GMB,"Gambia, The",2008,657.675679192228
GMB,"Gambia, The",2007,637.20930597537
GMB,"Gambia, The",2006,636.596026908866
GMB,"Gambia, The",2005,658.676285443081
GMB,"Gambia, The",2004,693.563314497133
GEO,Georgia,2024,6606.35772271858
GEO,Georgia,2023,6180.6206023429
GEO,Georgia,2022,5736.30449578597
GEO,Georgia,2021,5175.19865185825
GEO,Georgia,2020,4659.60925318234
GEO,Georgia,2019,4975.81148194814
GEO,Georgia,2018,4713.65354845303
GEO,Georgia,2017,4442.50744127374
GEO,Georgia,2016,4225.09154904806
GEO,Georgia,2015,4086.6223465965
GEO,Georgia,2014,3960.35080091901
GEO,Georgia,2013,3806.50600649051
GEO,Georgia,2012,3609.780798626
GEO,Georgia,2011,3362.1030031968
GEO,Georgia,2010,3090.06513662318
GEO,Georgia,2009,2887.25607935922
GEO,Georgia,2008,2970.15858282428
GEO,Georgia,2007,2891.13702331846
GEO,Georgia,2006,2554.81253503914
GEO,Georgia,2005,2321.60084285163
GEO,Georgia,2004,2105.00472843799
DEU,Germany,2024,44027.7631554469
DEU,Germany,2023,44368.9920074881
DEU,Germany,2022,44817.1316331389
DEU,Germany,2021,44011.0194631674
DEU,Germany,2020,42372.8726784255
DEU,Germany,2019,44235.2658954682
DEU,Germany,2018,43905.8550061973
DEU,Germany,2017,43543.4807050551
DEU,Germany,2016,42516.9337063103
DEU,Germany,2015,41929.7549110722
DEU,Germany,2014,41602.4661281668
DEU,Germany,2013,40884.8926759028
DEU,Germany,2012,40834.5088218456
DEU,Germany,2011,40722.4849268242
DEU,Germany,2010,38526.7371042695
DEU,Germany,2009,36940.4078672661
DEU,Germany,2008,39009.8477636357
DEU,Germany,2007,38593.0749910508
DEU,Germany,2006,37459.261328042
DEU,Germany,2005,36024.0947047021
DEU,Germany,2004,35687.6378708542
GHA,Ghana,2024,2173.00329800201
GHA,Ghana,2023,2091.81335596465
GHA,Ghana,2022,2067.20895855521
GHA,Ghana,2021,2030.04866500967
GHA,Ghana,2020,1970.19411460398
GHA,Ghana,2019,1999.55372220211
GHA,Ghana,2018,1915.4532323781
GHA,Ghana,2017,1841.44636153249
GHA,Ghana,2016,1740.81101902928
GHA,Ghana,2015,1722.77282833606
GHA,Ghana,2014,1726.36930134647
GHA,Ghana,2013,1718.59704769958
GHA,Ghana,2012,1640.54072088003
GHA,Ghana,2011,1537.81834019283
GHA,Ghana,2010,1381.2279503506
GHA,Ghana,2009,1311.63053760125
GHA,Ghana,2008,1282.63416886747
GHA,Ghana,2007,1205.31705804209
GHA,Ghana,2006,1185.26570738595
GHA,Ghana,2005,1143.31178934301
GHA,Ghana,2004,1108.30475353633
GIB,Gibraltar,2024,
GIB,Gibraltar,2023,
GIB,Gibraltar,2022,
GIB,Gibraltar,2021,
GIB,Gibraltar,2020,
GIB,Gibraltar,2019,
GIB,Gibraltar,2018,
GIB,Gibraltar,2017,
GIB,Gibraltar,2016,
GIB,Gibraltar,2015,
GIB,Gibraltar,2014,
GIB,Gibraltar,2013,
GIB,Gibraltar,2012,
GIB,Gibraltar,2011,
GIB,Gibraltar,2010,
GIB,Gibraltar,2009,
GIB,Gibraltar,2008,
GIB,Gibraltar,2007,
GIB,Gibraltar,2006,
GIB,Gibraltar,2005,
GIB,Gibraltar,2004,
GRC,Greece,2024,21494.6856060599
GRC,Greece,2023,21050.8648111581
GRC,Greece,2022,20550.5049158297
GRC,Greece,2021,19231.2888803517
GRC,Greece,2020,17486.951333323
GRC,Greece,2019,19216.6759579785
GRC,Greece,2018,18769.0389621976
GRC,Greece,2017,18352.0884461258
GRC,Greece,2016,18049.928997892
GRC,Greece,2015,17980.7298238137
GRC,Greece,2014,17903.5252440012
GRC,Greece,2013,17644.8766635021
GRC,Greece,2012,17924.6620496886
GRC,Greece,2011,19448.255802525
GRC,Greece,2010,21547.724178239
GRC,Greece,2009,22878.1346644397
GRC,Greece,2008,23923.8800731311
GRC,Greece,2007,23973.6936091313
GRC,Greece,2006,23220.5324419197
GRC,Greece,2005,21880.5265835801
GRC,Greece,2004,21688.1050959558
GRL,Greenland,2024,
GRL,Greenland,2023,49929.7755428605
GRL,Greenland,2022,49679.3365414895
GRL,Greenland,2021,48709.9339758895
GRL,Greenland,2020,48169.9406957389
GRL,Greenland,2019,48170.7896955512
GRL,Greenland,2018,47012.9860350276
GRL,Greenland,2017,46597.9452470348
GRL,Greenland,2016,46561.7831434013
GRL,Greenland,2015,44536.3549705377
GRL,Greenland,2014,45545.1429414917
GRL,Greenland,2013,43338.3839246907
GRL,Greenland,2012,43655.7004664255
GRL,Greenland,2011,42994.8790874739
GRL,Greenland,2010,43481.5161087805
GRL,Greenland,2009,42899.7441985862
GRL,Greenland,2008,42527.6668469766
GRL,Greenland,2007,39896.875364094
GRL,Greenland,2006,38828.8524943222
GRL,Greenland,2005,36681.8055890619
GRL,Greenland,2004,34961.9356097257
GRD,Grenada,2024,10042.6503142063
GRD,Grenada,2023,9817.86383583917
GRD,Grenada,2022,9406.19337643226
GRD,Grenada,2021,8782.32193426078
GRD,Grenada,2020,8413.28335500372
GRD,Grenada,2019,9785.56040240592
GRD,Grenada,2018,9744.16919577204
GRD,Grenada,2017,9357.40728883583
GRD,Grenada,2016,8983.68397337899
GRD,Grenada,2015,8694.12438005692
GRD,Grenada,2014,8206.62862112333
GRD,Grenada,2013,7688.75297701343
GRD,Grenada,2012,7559.5628483956
GRD,Grenada,2011,7695.37616017287
GRD,Grenada,2010,7670.71165827663
GRD,Grenada,2009,7733.12990600058
GRD,Grenada,2008,8307.49221491819
GRD,Grenada,2007,8257.36225682689
GRD,Grenada,2006,7808.24358323434
GRD,Grenada,2005,8162.91232124727
GRD,Grenada,2004,7233.29494434962
GUM,Guam,2024,
GUM,Guam,2023,
GUM,Guam,2022,34627.9862781837
GUM,Guam,2021,33239.4846327875
GUM,Guam,2020,32884.8852646787
GUM,Guam,2019,36830.1264410973
GUM,Guam,2018,35731.2203743081
GUM,Guam,2017,35850.9025520506
GUM,Guam,2016,35373.8483143417
GUM,Guam,2015,35165.7014644795
GUM,Guam,2014,34755.2691107298
GUM,Guam,2013,34044.3190415455
GUM,Guam,2012,33404.9317636913
GUM,Guam,2011,32665.3787483379
GUM,Guam,2010,32644.1484056205
GUM,Guam,2009,31988.7229358255
GUM,Guam,2008,31941.2706025874
GUM,Guam,2007,31385.0475162113
GUM,Guam,2006,31242.462900947
GUM,Guam,2005,32520.3729565352
GUM,Guam,2004,31483.8141949558
GTM,Guatemala,2024,4564.21378502908
GTM,Guatemala,2023,4469.05514652918
GTM,Guatemala,2022,4383.90326160481
GTM,Guatemala,2021,4268.62864461492
GTM,Guatemala,2020,4005.83916360689
GTM,Guatemala,2019,4139.12206338632
GTM,Guatemala,2018,4040.21214374742
GTM,Guatemala,2017,3972.74059262672
GTM,Guatemala,2016,3924.7789643024
GTM,Guatemala,2015,3893.50533299068
GTM,Guatemala,2014,3809.61584332802
GTM,Guatemala,2013,3717.30457960279
GTM,Guatemala,2012,3655.57490299412
GTM,Guatemala,2011,3621.37582644774
GTM,Guatemala,2010,3546.62750929879
GTM,Guatemala,2009,3516.19395579721
GTM,Guatemala,2008,3569.93031541246
GTM,Guatemala,2007,3527.77995621193
GTM,Guatemala,2006,3388.15165081967
GTM,Guatemala,2005,3284.81128421658
GTM,Guatemala,2004,3250.20561194529
GIN,Guinea,2024,1045.92207475792
GIN,Guinea,2023,1016.88094800324
GIN,Guinea,2022,987.502501465337
GIN,Guinea,2021,973.646890096159
GIN,Guinea,2020,945.570903389665
GIN,Guinea,2019,926.42221954853
GIN,Guinea,2018,899.907328045175
GIN,Guinea,2017,867.907502577607
GIN,Guinea,2016,807.236421043888
GIN,Guinea,2015,747.356966759448
GIN,Guinea,2014,738.272274481308
GIN,Guinea,2013,729.833143236326
GIN,Guinea,2012,719.505916794546
GIN,Guinea,2011,696.199991395571
GIN,Guinea,2010,675.736917327708
GIN,Guinea,2009,660.756701330284
GIN,Guinea,2008,684.775780377366
GIN,Guinea,2007,673.698997420626
GIN,Guinea,2006,645.472001923653
GIN,Guinea,2005,651.359606871604
GIN,Guinea,2004,645.182843390689
GNB,Guinea-Bissau,2024,785.91021956464
GNB,Guinea-Bissau,2023,769.504652461795
GNB,Guinea-Bissau,2022,752.149255217249
GNB,Guinea-Bissau,2021,729.396882757942
GNB,Guinea-Bissau,2020,710.275830755611
GNB,Guinea-Bissau,2019,706.298562874985
GNB,Guinea-Bissau,2018,686.456819839526
GNB,Guinea-Bissau,2017,677.466131311367
GNB,Guinea-Bissau,2016,663.242608032005
GNB,Guinea-Bissau,2015,645.066837207039
GNB,Guinea-Bissau,2014,623.610159103365
GNB,Guinea-Bissau,2013,634.095456089352
GNB,Guinea-Bissau,2012,630.66862302825
GNB,Guinea-Bissau,2011,658.953470528116
GNB,Guinea-Bissau,2010,625.904027290582
GNB,Guinea-Bissau,2009,608.202131879882
GNB,Guinea-Bissau,2008,608.958620496925
GNB,Guinea-Bissau,2007,597.482020935948
GNB,Guinea-Bissau,2006,597.257151722046
GNB,Guinea-Bissau,2005,595.94255560187
GNB,Guinea-Bissau,2004,572.526464627294
GUY,Guyana,2024,33034.948872927
GUY,Guyana,2023,23101.3538282741
GUY,Guyana,2022,17365.3336428642
GUY,Guyana,2021,10711.9973374148
GUY,Guyana,2020,9010.61000469878
GUY,Guyana,2019,6278.63054079553
GUY,Guyana,2018,6080.90612132746
GUY,Guyana,2017,5997.18271426826
GUY,Guyana,2016,5818.61682204646
GUY,Guyana,2015,5640.41560569466
GUY,Guyana,2014,5635.71704117947
GUY,Guyana,2013,5573.3421790463
GUY,Guyana,2012,5403.79899428921
GUY,Guyana,2011,5133.89539813637
GUY,Guyana,2010,4860.09110980566
GUY,Guyana,2009,4649.34144792756
GUY,Guyana,2008,4472.34517889699
GUY,Guyana,2007,4382.10449666813
GUY,Guyana,2006,4076.77981715707
GUY,Guyana,2005,3867.93308158647
GUY,Guyana,2004,3937.11435304522
HTI,Haiti,2024,1154.68841945337
HTI,Haiti,2023,1219.11871645847
HTI,Haiti,2022,1256.72143592448
HTI,Haiti,2021,1292.71954963551
HTI,Haiti,2020,1331.69778506932
HTI,Haiti,2019,1394.42114071112
HTI,Haiti,2018,1437.35251928349
HTI,Haiti,2017,1432.67228609541
HTI,Haiti,2016,1416.74881879698
HTI,Haiti,2015,1411.12684746796
HTI,Haiti,2014,1411.76834802154
HTI,Haiti,2013,1392.38204736859
HTI,Haiti,2012,1354.88546124499
HTI,Haiti,2011,1369.16921255852
HTI,Haiti,2010,1317.58389339746
HTI,Haiti,2009,1412.89653523429
HTI,Haiti,2008,1356.53400140048
HTI,Haiti,2007,1343.61111422048
HTI,Haiti,2006,1305.03813815611
HTI,Haiti,2005,1304.33303731231
HTI,Haiti,2004,1286.90282128221
HND,Honduras,2024,2575.32081187859
HND,Honduras,2023,2527.27366333188
HND,Honduras,2022,2482.22384904714
HND,Honduras,2021,2423.76634916911
HND,Honduras,2020,2189.43168668222
HND,Honduras,2019,2447.61649282181
HND,Honduras,2018,2430.13503657762
HND,Honduras,2017,2383.37398439714
HND,Honduras,2016,2315.72983058198
HND,Honduras,2015,2271.20265980349
HND,Honduras,2014,2229.24772232218
HND,Honduras,2013,2205.40126728067
HND,Honduras,2012,2188.39378817891
HND,Honduras,2011,2144.56265540491
HND,Honduras,2010,2108.47314459603
HND,Honduras,2009,2076.30859895638
HND,Honduras,2008,2175.14709403064
HND,Honduras,2007,2134.19540639485
HND,Honduras,2006,2056.53491469231
HND,Honduras,2005,1975.85647913236
HND,Honduras,2004,1908.90950050464
HKG,"Hong Kong SAR, China",2024,44734.4365296835
HKG,"Hong Kong SAR, China",2023,43518.9311789918
HKG,"Hong Kong SAR, China",2022,43281.0067309646
HKG,"Hong Kong SAR, China",2021,44530.9213833761
HKG,"Hong Kong SAR, China",2020,41451.2989586282
HKG,"Hong Kong SAR, China",2019,44195.2741142906
HKG,"Hong Kong SAR, China",2018,45280.4971892076
HKG,"Hong Kong SAR, China",2017,44380.8176753147
HKG,"Hong Kong SAR, China",2016,43087.5537128127
HKG,"Hong Kong SAR, China",2015,42432.1619740441
HKG,"Hong Kong SAR, China",2014,41796.8593150091
HKG,"Hong Kong SAR, China",2013,40959.9776349249
HKG,"Hong Kong SAR, China",2012,39887.8192650568
HKG,"Hong Kong SAR, China",2011,39656.3184510131
HKG,"Hong Kong SAR, China",2010,38090.0154420129
HKG,"Hong Kong SAR, China",2009,35938.578391742
HKG,"Hong Kong SAR, China",2008,36924.0529643897
HKG,"Hong Kong SAR, China",2007,36371.6434233987
HKG,"Hong Kong SAR, China",2006,34458.0032348089
HKG,"Hong Kong SAR, China",2005,32401.3558626573
HKG,"Hong Kong SAR, China",2004,30304.2901619598
HUN,Hungary,2024,16543.1049095203
HUN,Hungary,2023,16375.0462724192
HUN,Hungary,2022,16487.7973935944
HUN,Hungary,2021,15787.9535427563
HUN,Hungary,2020,14664.2971195385
HUN,Hungary,2019,15290.8085466331
HUN,Hungary,2018,14533.7783144312
HUN,Hungary,2017,13734.2442804335
HUN,Hungary,2016,13145.6559885563
HUN,Hungary,2015,12782.9412577973
HUN,Hungary,2014,12287.3779441033
HUN,Hungary,2013,11729.5720798501
HUN,Hungary,2012,11440.7622718825
HUN,Hungary,2011,11536.3578996772
HUN,Hungary,2010,11287.3686666108
HUN,Hungary,2009,11142.885928524
HUN,Hungary,2008,11929.7209867703
HUN,Hungary,2007,11791.7074416876
HUN,Hungary,2006,11734.4544729813
HUN,Hungary,2005,11272.7345428122
HUN,Hungary,2004,10786.4881991495
ISL,Iceland,2024,59053.5648370451
ISL,Iceland,2023,59951.7537739692
ISL,Iceland,2022,57626.2533717585
ISL,Iceland,2021,54285.0209203242
ISL,Iceland,2020,52464.3073240589
ISL,Iceland,2019,57118.8452777198
ISL,Iceland,2018,57731.6523639512
ISL,Iceland,2017,56657.9800322797
ISL,Iceland,2016,56049.2928672039
ISL,Iceland,2015,53505.6964079339
ISL,Iceland,2014,52102.575810195
ISL,Iceland,2013,51696.0876507326
ISL,Iceland,2012,50375.4117054195
ISL,Iceland,2011,50058.8302665144
ISL,Iceland,2010,49528.4864733411
ISL,Iceland,2009,50581.0846167336
ISL,Iceland,2008,55360.8136012406
ISL,Iceland,2007,55457.3601614503
ISL,Iceland,2006,52306.128485789
ISL,Iceland,2005,50674.4411406649
ISL,Iceland,2004,48101.7116415743
IND,India,2024,2366.8328910323
IND,India,2023,2229.71491223037
IND,India,2022,2098.21124476122
IND,India,2021,1965.30943437472
IND,India,2020,1806.50110583865
IND,India,2019,1936.03067741063
IND,India,2018,1883.35772705055
IND,India,2017,1788.69770318481
IND,India,2016,1694.46534973787
IND,India,2015,1583.99815907985
IND,India,2014,1484.31640682961
IND,India,2013,1399.4537980281
IND,India,2012,1333.09626557649
IND,India,2011,1281.61054354937
IND,India,2010,1235.15939132939
IND,India,2009,1155.10163273817
IND,India,2008,1086.50605251005
IND,India,2007,1069.24696812234
IND,India,2006,1008.23275344818
IND,India,2005,947.732565644272
IND,India,2004,892.596614580718
IDN,Indonesia,2024,4367.94741847938
IDN,Indonesia,2023,4192.64401034181
IDN,Indonesia,2022,4024.91225288391
IDN,Indonesia,2021,3850.68877253903
IDN,Indonesia,2020,3739.44906563161
IDN,Indonesia,2019,3850.90321738979
IDN,Indonesia,2018,3701.32155461912
IDN,Indonesia,2017,3553.51999262321
IDN,Indonesia,2016,3416.81005170972
IDN,Indonesia,2015,3288.22269725538
IDN,Indonesia,2014,3170.72103011429
IDN,Indonesia,2013,3055.24246006469
IDN,Indonesia,2012,2930.518445323
IDN,Indonesia,2011,2799.62468790318
IDN,Indonesia,2010,2670.8129098953
IDN,Indonesia,2009,2546.21969707767
IDN,Indonesia,2008,2464.60193418272
IDN,Indonesia,2007,2355.1528565328
IDN,Indonesia,2006,2244.0802226202
IDN,Indonesia,2005,2155.4478015921
IDN,Indonesia,2004,2065.70617470842
IRN,"Iran, Islamic Rep.",2024,5834.44296939863
IRN,"Iran, Islamic Rep.",2023,5687.84396268742
IRN,"Iran, Islamic Rep.",2022,5465.31447539413
IRN,"Iran, Islamic Rep.",2021,5300.62271961895
IRN,"Iran, Islamic Rep.",2020,5132.82430762118
IRN,"Iran, Islamic Rep.",2019,4952.45669081078
IRN,"Iran, Islamic Rep.",2018,5127.22495367018
IRN,"Iran, Islamic Rep.",2017,5395.2398398598
IRN,"Iran, Islamic Rep.",2016,5312.61724954192
IRN,"Iran, Islamic Rep.",2015,4952.73355532178
IRN,"Iran, Islamic Rep.",2014,5093.20319702187
IRN,"Iran, Islamic Rep.",2013,4916.97291948475
IRN,"Iran, Islamic Rep.",2012,5058.64637811835
IRN,"Iran, Islamic Rep.",2011,5321.75870744453
IRN,"Iran, Islamic Rep.",2010,5249.06133369759
IRN,"Iran, Islamic Rep.",2009,5023.89314362941
IRN,"Iran, Islamic Rep.",2008,5035.94008533618
IRN,"Iran, Islamic Rep.",2007,5084.71796043623
IRN,"Iran, Islamic Rep.",2006,4778.7934584732
IRN,"Iran, Islamic Rep.",2005,4650.35841490708
IRN,"Iran, Islamic Rep.",2004,4607.45169088209
IRQ,Iraq,2024,4180.29619477317
IRQ,Iraq,2023,4337.0870532422
IRQ,Iraq,2022,4412.99733146512
IRQ,Iraq,2021,4182.50064045825
IRQ,Iraq,2020,4213.99843766061
IRQ,Iraq,2019,4898.14897668582
IRQ,Iraq,2018,4749.00921836896
IRQ,Iraq,2017,4736.32710809857
IRQ,Iraq,2016,4932.9272911439
IRQ,Iraq,2015,4440.14189252367
IRQ,Iraq,2014,4446.97343234862
IRQ,Iraq,2013,4504.82687537354
IRQ,Iraq,2012,4387.90469058707
IRQ,Iraq,2011,4030.01686860986
IRQ,Iraq,2010,3881.94327045302
IRQ,Iraq,2009,3768.17284328983
IRQ,Iraq,2008,3781.78001712762
IRQ,Iraq,2007,3565.58054079041
IRQ,Iraq,2006,3471.98744698568
IRQ,Iraq,2005,3310.86344473993
IRQ,Iraq,2004,3354.26588756715
IRL,Ireland,2024,94474.9879707069
IRL,Ireland,2023,93541.9643678381
IRL,Ireland,2022,97793.5366671697
IRL,Ireland,2021,92781.2322150786
IRL,Ireland,2020,80927.936475395
IRL,Ireland,2019,76485.635854651
IRL,Ireland,2018,74029.0550611436
IRL,Ireland,2017,69748.6221034014
IRL,Ireland,2016,64205.979777351
IRL,Ireland,2015,64250.1385181257
IRL,Ireland,2014,52044.6201181887
IRL,Ireland,2013,47928.0346487005
IRL,Ireland,2012,47147.1604669421
IRL,Ireland,2011,47539.9181739968
IRL,Ireland,2010,46991.6464673949
IRL,Ireland,2009,46466.3794269222
IRL,Ireland,2008,49461.1594281353
IRL,Ireland,2007,52849.6948429458
IRL,Ireland,2006,51656.8194855887
IRL,Ireland,2005,50547.2123729763
IRL,Ireland,2004,48856.3238587396
IMN,Isle of Man,2024,
IMN,Isle of Man,2023,84315.137992954
IMN,Isle of Man,2022,86100.5672917037
IMN,Isle of Man,2021,89873.5420093569
IMN,Isle of Man,2020,86595.0676099275
IMN,Isle of Man,2019,95110.1385990737
IMN,Isle of Man,2018,95040.4061748938
IMN,Isle of Man,2017,93200.3108083857
IMN,Isle of Man,2016,90783.7647245394
IMN,Isle of Man,2015,84753.5187422732
IMN,Isle of Man,2014,84778.5806639347
IMN,Isle of Man,2013,80383.8273088527
IMN,Isle of Man,2012,77009.2978612012
IMN,Isle of Man,2011,71727.5055082703
IMN,Isle of Man,2010,70747.8417587183
IMN,Isle of Man,2009,69192.0258221691
IMN,Isle of Man,2008,68520.6825624937
IMN,Isle of Man,2007,66029.9755907183
IMN,Isle of Man,2006,62075.7601604994
IMN,Isle of Man,2005,58201.5990838178
IMN,Isle of Man,2004,55464.0220993356
ISR,Israel,2024,41882.0474698252
ISR,Israel,2023,42131.7415675806
ISR,Israel,2022,42539.2748766689
ISR,Israel,2021,40788.2391785198
ISR,Israel,2020,37938.3809354755
ISR,Israel,2019,39322.038041422
ISR,Israel,2018,38695.0100079706
ISR,Israel,2017,37911.0217281157
ISR,Israel,2016,37044.0118623764
ISR,Israel,2015,36138.13561386
ISR,Israel,2014,36055.08530225
ISR,Israel,2013,35436.2912873273
ISR,Israel,2012,34685.0915981013
ISR,Israel,2011,34499.9509262825
ISR,Israel,2010,33307.1044316197
ISR,Israel,2009,32139.1146490917
ISR,Israel,2008,32519.7624461575
ISR,Israel,2007,32071.3107404162
ISR,Israel,2006,30707.435814097
ISR,Israel,2005,29600.1467243332
ISR,Israel,2004,28870.0080868057
ITA,Italy,2024,34508.1235191237
ITA,Italy,2023,34221.7182928271
ITA,Italy,2022,33891.8866526216
ITA,Italy,2021,32267.7091050201
ITA,Italy,2020,29469.7989238626
ITA,Italy,2019,32180.4341017428
ITA,Italy,2018,31963.6417148824
ITA,Italy,2017,31635.52277108
ITA,Italy,2016,31077.6792675211
ITA,Italy,2015,30639.8829751432
ITA,Italy,2014,30325.0287793923
ITA,Italy,2013,30330.0221599668
ITA,Italy,2012,30953.4147447427
ITA,Italy,2011,32039.5032494316
ITA,Italy,2010,31928.5543621096
ITA,Italy,2009,31587.0638416305
ITA,Italy,2008,33550.6340800063
ITA,Italy,2007,34159.9109244074
ITA,Italy,2006,33873.0493680093
ITA,Italy,2005,33407.6754716472
ITA,Italy,2004,33348.9744820456
JAM,Jamaica,2024,6096.4327030963
JAM,Jamaica,2023,6127.90771263434
JAM,Jamaica,2022,5965.46127464873
JAM,Jamaica,2021,5607.45378253877
JAM,Jamaica,2020,5317.84145033966
JAM,Jamaica,2019,5814.79275311692
JAM,Jamaica,2018,5717.87621107532
JAM,Jamaica,2017,5586.1365723133
JAM,Jamaica,2016,5472.28314023034
JAM,Jamaica,2015,5339.30718256806
JAM,Jamaica,2014,5307.19165380801
JAM,Jamaica,2013,5289.88438546111
JAM,Jamaica,2012,5284.00852557589
JAM,Jamaica,2011,5339.62170188798
JAM,Jamaica,2010,5271.57221477938
JAM,Jamaica,2009,5372.14234169511
JAM,Jamaica,2008,5639.58974873397
JAM,Jamaica,2007,5710.53878446758
JAM,Jamaica,2006,5656.66803579988
JAM,Jamaica,2005,5525.73577833713
JAM,Jamaica,2004,5507.20135110043
JPN,Japan,2024,37976.6371788298
JPN,Japan,2023,37902.5492204411
JPN,Japan,2022,37448.3504824849
JPN,Japan,2021,36792.556429474
JPN,Japan,2020,35363.2996951789
JPN,Japan,2019,36837.2583653113
JPN,Japan,2018,36899.3847079435
JPN,Japan,2017,36547.7357437305
JPN,Japan,2016,35934.4467886662
JPN,Japan,2015,35664.6446110613
JPN,Japan,2014,34996.8796756631
JPN,Japan,2013,34636.6924746166
JPN,Japan,2012,33909.4911855243
JPN,Japan,2011,33306.1802259719
JPN,Japan,2010,33311.2872381879
JPN,Japan,2009,31993.8588053706
JPN,Japan,2008,34008.5915147362
JPN,Japan,2007,34426.6937124867
JPN,Japan,2006,33880.6890093456
JPN,Japan,2005,33385.9179590327
JPN,Japan,2004,32783.1292835489
JOR,Jordan,2024,4441.03974922351
JOR,Jordan,2023,4373.38088482368
JOR,Jordan,2022,4309.61432856804
JOR,Jordan,2021,4266.3790298994
JOR,Jordan,2020,4188.21240095719
JOR,Jordan,2019,4313.80791426608
JOR,Jordan,2018,4320.029787425
JOR,Jordan,2017,4335.92512689541
JOR,Jordan,2016,4326.17261571505
JOR,Jordan,2015,4441.61896013754
JOR,Jordan,2014,4703.39944986815
JOR,Jordan,2013,5007.76162067161
JOR,Jordan,2012,5135.0327939589
JOR,Jordan,2011,5085.98005025386
JOR,Jordan,2010,5066.49720027725
JOR,Jordan,2009,5043.62638729303
JOR,Jordan,2008,4902.38348073849
JOR,Jordan,2007,4681.17006766931
JOR,Jordan,2006,4596.56909353547
JOR,Jordan,2005,4532.96248258538
JOR,Jordan,2004,4296.62367370886
KAZ,Kazakhstan,2024,11872.7842626298
KAZ,Kazakhstan,2023,11453.3952725363
KAZ,Kazakhstan,2022,11058.3482413407
KAZ,Kazakhstan,2021,10873.3915275276
KAZ,Kazakhstan,2020,10565.0359816235
KAZ,Kazakhstan,2019,10989.6840718388
KAZ,Kazakhstan,2018,10670.2120148279
KAZ,Kazakhstan,2017,10404.2718646317
KAZ,Kazakhstan,2016,10151.423313302
KAZ,Kazakhstan,2015,10196.1226255982
KAZ,Kazakhstan,2014,10226.7100539683
KAZ,Kazakhstan,2013,9959.72586930534
KAZ,Kazakhstan,2012,9531.91477617058
KAZ,Kazakhstan,2011,9223.3021336315
KAZ,Kazakhstan,2010,8704.70655484556
KAZ,Kazakhstan,2009,8218.39912556048
KAZ,Kazakhstan,2008,8216.52181589585
KAZ,Kazakhstan,2007,8036.87599811505
KAZ,Kazakhstan,2006,7450.39687062615
KAZ,Kazakhstan,2005,6787.4115548789
KAZ,Kazakhstan,2004,6233.29439373307
KEN,Kenya,2024,1858.87650030024
KEN,Kenya,2023,1811.21651838425
KEN,Kenya,2022,1747.53198804428
KEN,Kenya,2021,1698.89578271444
KEN,Kenya,2020,1609.33414078281
KEN,Kenya,2019,1645.70961777862
KEN,Kenya,2018,1596.69045914945
KEN,Kenya,2017,1542.33773973372
KEN,Kenya,2016,1517.97796057742
KEN,Kenya,2015,1489.11959777284
KEN,Kenya,2014,1450.59338202277
KEN,Kenya,2013,1413.94142522583
KEN,Kenya,2012,1396.30178709756
KEN,Kenya,2011,1370.58000874482
KEN,Kenya,2010,1340.16467408856
KEN,Kenya,2009,1276.73503486074
KEN,Kenya,2008,1273.77226103073
KEN,Kenya,2007,1309.91092948216
KEN,Kenya,2006,1263.54164666211
KEN,Kenya,2005,1223.44738472019
KEN,Kenya,2004,1191.25443604556
KIR,Kiribati,2024,2052.81298774256
KIR,Kiribati,2023,1990.14605922104
KIR,Kiribati,2022,1960.15475844976
KIR,Kiribati,2021,1895.61362957222
KIR,Kiribati,2020,1779.62973024917
KIR,Kiribati,2019,1834.42627824847
KIR,Kiribati,2018,1802.34850714657
KIR,Kiribati,2017,1768.87874841933
KIR,Kiribati,2016,1731.43702001694
KIR,Kiribati,2015,1639.85274740652
KIR,Kiribati,2014,1492.8508200481
KIR,Kiribati,2013,1493.49148676402
KIR,Kiribati,2012,1405.5029344967
KIR,Kiribati,2011,1348.0602369873
KIR,Kiribati,2010,1328.78776438805
KIR,Kiribati,2009,1340.27605600221
KIR,Kiribati,2008,1361.83599775608
KIR,Kiribati,2007,1433.35747805619
KIR,Kiribati,2006,1419.38723031361
KIR,Kiribati,2005,1368.99728765793
KIR,Kiribati,2004,1378.9583696722
PRK,"Korea, Dem. People's Rep.",2024,
PRK,"Korea, Dem. People's Rep.",2023,
PRK,"Korea, Dem. People's Rep.",2022,
PRK,"Korea, Dem. People's Rep.",2021,
PRK,"Korea, Dem. People's Rep.",2020,
PRK,"Korea, Dem. People's Rep.",2019,
PRK,"Korea, Dem. People's Rep.",2018,
PRK,"Korea, Dem. People's Rep.",2017,
PRK,"Korea, Dem. People's Rep.",2016,
PRK,"Korea, Dem. People's Rep.",2015,
PRK,"Korea, Dem. People's Rep.",2014,
PRK,"Korea, Dem. People's Rep.",2013,
PRK,"Korea, Dem. People's Rep.",2012,
PRK,"Korea, Dem. People's Rep.",2011,
PRK,"Korea, Dem. People's Rep.",2010,
PRK,"Korea, Dem. People's Rep.",2009,
PRK,"Korea, Dem. People's Rep.",2008,
PRK,"Korea, Dem. People's Rep.",2007,
PRK,"Korea, Dem. People's Rep.",2006,
PRK,"Korea, Dem. People's Rep.",2005,
PRK,"Korea, Dem. People's Rep.",2004,
KOR,"Korea, Rep.",2024,37048.4264001496
KOR,"Korea, Rep.",2023,36347.7036392553
KOR,"Korea, Rep.",2022,35809.0138105144
KOR,"Korea, Rep.",2021,34792.9397214598
KOR,"Korea, Rep.",2020,33215.9298928108
KOR,"Korea, Rep.",2019,33496.3113815643
KOR,"Korea, Rep.",2018,32852.8887488942
KOR,"Korea, Rep.",2017,31979.9027302467
KOR,"Korea, Rep.",2016,31005.4072876388
KOR,"Korea, Rep.",2015,30171.7906545222
KOR,"Korea, Rep.",2014,29470.6732991655
KOR,"Korea, Rep.",2013,28732.711152033
KOR,"Korea, Rep.",2012,27944.0564190045
KOR,"Korea, Rep.",2011,27393.455357272
KOR,"Korea, Rep.",2010,26623.0487122927
KOR,"Korea, Rep.",2009,25009.9148311999
KOR,"Korea, Rep.",2008,24934.5396367691
KOR,"Korea, Rep.",2007,24391.7651013448
KOR,"Korea, Rep.",2006,23162.1860111297
KOR,"Korea, Rep.",2005,22123.7613066851
KOR,"Korea, Rep.",2004,21244.8136800528
XKX,Kosovo,2024,5631.67958854422
XKX,Kosovo,2023,5102.74674921908
XKX,Kosovo,2022,4666.38918595784
XKX,Kosovo,2021,4429.87389440857
XKX,Kosovo,2020,3990.94425586648
XKX,Kosovo,2019,4219.06495675744
XKX,Kosovo,2018,4009.11952439378
XKX,Kosovo,2017,3890.17624537261
XKX,Kosovo,2016,3739.17386677497
XKX,Kosovo,2015,3520.62685324451
XKX,Kosovo,2014,3279.02345017707
XKX,Kosovo,2013,3163.4704088827
XKX,Kosovo,2012,3021.35000691677
XKX,Kosovo,2011,2995.64811314457
XKX,Kosovo,2010,2822.63227046091
XKX,Kosovo,2009,2680.85995592712
XKX,Kosovo,2008,2543.5980687089
XKX,Kosovo,2007,
XKX,Kosovo,2006,
XKX,Kosovo,2005,
XKX,Kosovo,2004,
KWT,Kuwait,2024,24140.3257964584
KWT,Kuwait,2023,24722.8143701857
KWT,Kuwait,2022,26579.8321646876
KWT,Kuwait,2021,26203.2617257856
KWT,Kuwait,2020,25541.5378987908
KWT,Kuwait,2019,26580.2264741607
KWT,Kuwait,2018,26706.0191660864
KWT,Kuwait,2017,27048.3706935958
KWT,Kuwait,2016,29454.4426388829
KWT,Kuwait,2015,29882.2126495698
KWT,Kuwait,2014,31073.1537300624
KWT,Kuwait,2013,32311.1800008536
KWT,Kuwait,2012,33578.3309651964
KWT,Kuwait,2011,33545.346271839
KWT,Kuwait,2010,32568.4981754501
KWT,Kuwait,2009,35124.0853941026
KWT,Kuwait,2008,39852.5129115699
KWT,Kuwait,2007,41113.8693942735
KWT,Kuwait,2006,41137.969927672
KWT,Kuwait,2005,40451.2551656974
KWT,Kuwait,2004,37918.5405829238
KGZ,Kyrgyz Republic,2024,1423.58624650541
KGZ,Kyrgyz Republic,2023,1298.25724482211
KGZ,Kyrgyz Republic,2022,1212.17812721768
KGZ,Kyrgyz Republic,2021,1132.5546781282
KGZ,Kyrgyz Republic,2020,1093.32856461422
KGZ,Kyrgyz Republic,2019,1201.87701429721
KGZ,Kyrgyz Republic,2018,1175.0712778747
KGZ,Kyrgyz Republic,2017,1157.18275758067
KGZ,Kyrgyz Republic,2016,1128.3161612818
KGZ,Kyrgyz Republic,2015,1105.65193844261
KGZ,Kyrgyz Republic,2014,1088.58214229508
KGZ,Kyrgyz Republic,2013,1069.78404438716
KGZ,Kyrgyz Republic,2012,985.8472865972
KGZ,Kyrgyz Republic,2011,1005.4831781815
KGZ,Kyrgyz Republic,2010,962.764789828724
KGZ,Kyrgyz Republic,2009,981.220904665529
KGZ,Kyrgyz Republic,2008,966.409971184817
KGZ,Kyrgyz Republic,2007,900.02796489729
KGZ,Kyrgyz Republic,2006,837.138026647346
KGZ,Kyrgyz Republic,2005,820.709519437592
KGZ,Kyrgyz Republic,2004,831.482103944381
LAO,Lao PDR,2024,2721.07810663122
LAO,Lao PDR,2023,2648.88726608035
LAO,Lao PDR,2022,2589.05015191628
LAO,Lao PDR,2021,2556.58912640405
LAO,Lao PDR,2020,2529.74622698761
LAO,Lao PDR,2019,2554.95638019245
LAO,Lao PDR,2018,2459.97874636195
LAO,Lao PDR,2017,2351.57441747595
LAO,Lao PDR,2016,2234.76098741846
LAO,Lao PDR,2015,2121.01339097363
LAO,Lao PDR,2014,2006.31195444447
LAO,Lao PDR,2013,1890.27861294875
LAO,Lao PDR,2012,1774.63585203672
LAO,Lao PDR,2011,1666.40086189871
LAO,Lao PDR,2010,1564.91068311647
LAO,Lao PDR,2009,1463.3379666846
LAO,Lao PDR,2008,1381.73754223953
LAO,Lao PDR,2007,1301.08597549864
LAO,Lao PDR,2006,1228.08927619923
LAO,Lao PDR,2005,1148.68153852071
LAO,Lao PDR,2004,1088.76034728831
LVA,Latvia,2024,16376.2565245797
LVA,Latvia,2023,16229.3844520245
LVA,Latvia,2022,16421.3748596
LVA,Latvia,2021,16070.1680032322
LVA,Latvia,2020,14900.7295718866
LVA,Latvia,2019,15328.3859933295
LVA,Latvia,2018,15120.0698171804
LVA,Latvia,2017,14382.8612727134
LVA,Latvia,2016,13787.3367440023
LVA,Latvia,2015,13321.9753140616
LVA,Latvia,2014,12731.6771959342
LVA,Latvia,2013,12353.5386135301
LVA,Latvia,2012,11971.0107466522
LVA,Latvia,2011,11018.5152421583
LVA,Latvia,2010,10500.8666223014
LVA,Latvia,2009,10675.425174228
LVA,Latvia,2008,12506.6945041012
LVA,Latvia,2007,12810.0409502542
LVA,Latvia,2006,11507.4648265658
LVA,Latvia,2005,10106.2626157732
LVA,Latvia,2004,8957.23393555082
LBN,Lebanon,2024,5391.22914209501
LBN,Lebanon,2023,5834.63415739394
LBN,Lebanon,2022,5909.03651555028
LBN,Lebanon,2021,5973.41933892988
LBN,Lebanon,2020,6440.82843092922
LBN,Lebanon,2019,8064.04873416236
LBN,Lebanon,2018,8388.7235123835
LBN,Lebanon,2017,8305.57405425721
LBN,Lebanon,2016,8019.1416913426
LBN,Lebanon,2015,7714.1099998804
LBN,Lebanon,2014,7830.4151113336
LBN,Lebanon,2013,8443.53856528784
LBN,Lebanon,2012,8920.8056984673
LBN,Lebanon,2011,8936.20027462737
LBN,Lebanon,2010,8955.54336184707
LBN,Lebanon,2009,8375.48851252821
LBN,Lebanon,2008,7701.29823027979
LBN,Lebanon,2007,7179.34520092306
LBN,Lebanon,2006,6696.37428200596
LBN,Lebanon,2005,6707.18024635316
LBN,Lebanon,2004,6633.75258002393
LSO,Lesotho,2024,1012.59379523386
LSO,Lesotho,2023,973.116561960912
LSO,Lesotho,2022,967.51928598325
LSO,Lesotho,2021,955.221236301503
LSO,Lesotho,2020,944.834128375429
LSO,Lesotho,2019,1040.99351014117
LSO,Lesotho,2018,1068.44462913373
LSO,Lesotho,2017,1097.82166812752
LSO,Lesotho,2016,1147.58748801671
LSO,Lesotho,2015,1121.19851342518
LSO,Lesotho,2014,1100.04993684215
LSO,Lesotho,2013,1093.95323489272
LSO,Lesotho,2012,1086.39034816283
LSO,Lesotho,2011,1031.99721564343
LSO,Lesotho,2010,995.233432451681
LSO,Lesotho,2009,952.747929746529
LSO,Lesotho,2008,971.881366821351
LSO,Lesotho,2007,927.26863327342
LSO,Lesotho,2006,893.750686627156
LSO,Lesotho,2005,853.960500629797
LSO,Lesotho,2004,817.793597897186
LBR,Liberia,2024,665.101337624192
LBR,Liberia,2023,653.329188343162
LBR,Liberia,2022,638.005183858289
LBR,Liberia,2021,621.927983063426
LBR,Liberia,2020,605.025475431411
LBR,Liberia,2019,636.699384824869
LBR,Liberia,2018,665.875439637137
LBR,Liberia,2017,671.260899835355
LBR,Liberia,2016,668.031513175601
LBR,Liberia,2015,692.590082351257
LBR,Liberia,2014,707.157694930142
LBR,Liberia,2013,717.007280358975
LBR,Liberia,2012,674.360011422232
LBR,Liberia,2011,646.908727016597
LBR,Liberia,2010,621.783295071575
LBR,Liberia,2009,603.256211077605
LBR,Liberia,2008,591.185378141907
LBR,Liberia,2007,574.609394348543
LBR,Liberia,2006,551.377446611852
LBR,Liberia,2005,539.665378841936
LBR,Liberia,2004,535.995882066218
LBY,Libya,2024,7696.0807819319
LBY,Libya,2023,7630.49664928174
LBY,Libya,2022,7002.68189296358
LBY,Libya,2021,7731.35448152581
LBY,Libya,2020,6102.79864032512
LBY,Libya,2019,8768.4104874586
LBY,Libya,2018,10020.9165751361
LBY,Libya,2017,9435.60060040046
LBY,Libya,2016,7236.16409923502
LBY,Libya,2015,7458.48917756374
LBY,Libya,2014,7644.24843947404
LBY,Libya,2013,10126.314927806
LBY,Libya,2012,12599.258882136
LBY,Libya,2011,6569.59477578957
LBY,Libya,2010,12913.9334939386
LBY,Libya,2009,12549.0854345521
LBY,Libya,2008,13403.0004645911
LBY,Libya,2007,13712.9602583972
LBY,Libya,2006,13176.7758911904
LBY,Libya,2005,12628.896152656
LBY,Libya,2004,11529.1086646221
LIE,Liechtenstein,2024,
LIE,Liechtenstein,2023,
LIE,Liechtenstein,2022,
LIE,Liechtenstein,2021,
LIE,Liechtenstein,2020,
LIE,Liechtenstein,2019,
LIE,Liechtenstein,2018,
LIE,Liechtenstein,2017,
LIE,Liechtenstein,2016,
LIE,Liechtenstein,2015,167187.15730982
LIE,Liechtenstein,2014,
LIE,Liechtenstein,2013,
LIE,Liechtenstein,2012,
LIE,Liechtenstein,2011,
LIE,Liechtenstein,2010,
LIE,Liechtenstein,2009,
LIE,Liechtenstein,2008,
LIE,Liechtenstein,2007,
LIE,Liechtenstein,2006,
LIE,Liechtenstein,2005,
LIE,Liechtenstein,2004,
LTU,Lithuania,2024,19205.4152293136
LTU,Lithuania,2023,18748.9302647191
LTU,Lithuania,2022,18873.8427527274
LTU,Lithuania,2021,18572.2895051093
LTU,Lithuania,2020,17443.65526328
LTU,Lithuania,2019,17431.7239081591
LTU,Lithuania,2018,16604.9021440809
LTU,Lithuania,2017,15695.9993288456
LTU,Lithuania,2016,14823.107153522
LTU,Lithuania,2015,14269.8039878287
LTU,Lithuania,2014,13753.1895982305
LTU,Lithuania,2013,13145.8069309969
LTU,Lithuania,2012,12516.6184065667
LTU,Lithuania,2011,11836.7200384033
LTU,Lithuania,2010,10884.1161852582
LTU,Lithuania,2009,10612.9204044582
LTU,Lithuania,2008,12324.5197331387
LTU,Lithuania,2007,11889.3545234657
LTU,Lithuania,2006,10577.2145522871
LTU,Lithuania,2005,9692.86853763267
LTU,Lithuania,2004,8851.92598922347
LUX,Luxembourg,2024,104147.111291588
LUX,Luxembourg,2023,105422.764660192
LUX,Luxembourg,2022,107467.123965307
LUX,Luxembourg,2021,110873.115269021
LUX,Luxembourg,2020,105274.182260744
LUX,Luxembourg,2019,107591.899505248
LUX,Luxembourg,2018,106788.661202756
LUX,Luxembourg,2017,107142.05542835
LUX,Luxembourg,2016,108351.452194449
LUX,Luxembourg,2015,105462.012584423
LUX,Luxembourg,2014,105585.401767492
LUX,Luxembourg,2013,105340.41498623
LUX,Luxembourg,2012,104489.298083328
LUX,Luxembourg,2011,105292.012346074
LUX,Luxembourg,2010,106545.854916218
LUX,Luxembourg,2009,104576.122195434
LUX,Luxembourg,2008,110096.656683086
LUX,Luxembourg,2007,112422.146493735
LUX,Luxembourg,2006,105618.332853323
LUX,Luxembourg,2005,101226.109631791
LUX,Luxembourg,2004,100296.956996628
MAC,"Macao SAR, China",2024,63377.2932129214
MAC,"Macao SAR, China",2023,59474.3964251614
MAC,"Macao SAR, China",2022,34000.7134128308
MAC,"Macao SAR, China",2021,41634.2386139903
MAC,"Macao SAR, China",2020,33853.7761550109
MAC,"Macao SAR, China",2019,75724.6078280261
MAC,"Macao SAR, China",2018,79178.6506290559
MAC,"Macao SAR, China",2017,75650.1261840452
MAC,"Macao SAR, China",2016,68391.3415491921
MAC,"Macao SAR, China",2015,69902.9605741233
MAC,"Macao SAR, China",2014,92383.8434915276
MAC,"Macao SAR, China",2013,99054.4980289716
MAC,"Macao SAR, China",2012,93192.885853941
MAC,"Macao SAR, China",2011,88168.9713699088
MAC,"Macao SAR, China",2010,74195.0577762344
MAC,"Macao SAR, China",2009,59528.8350159491
MAC,"Macao SAR, China",2008,58146.3285846714
MAC,"Macao SAR, China",2007,58376.1176047275
MAC,"Macao SAR, China",2006,53240.2045750276
MAC,"Macao SAR, China",2005,49470.940295748
MAC,"Macao SAR, China",2004,47665.9330386643
MDG,Madagascar,2024,453.957809653992
MDG,Madagascar,2023,445.874102052267
MDG,Madagascar,2022,438.438112102315
MDG,Madagascar,2021,431.599103077746
MDG,Madagascar,2020,422.924255422319
MDG,Madagascar,2019,467.27741349648
MDG,Madagascar,2018,459.330367799543
MDG,Madagascar,2017,456.851859574031
MDG,Madagascar,2016,451.15659433146
MDG,Madagascar,2015,445.320069480568
MDG,Madagascar,2014,443.343869908205
MDG,Madagascar,2013,440.674658903628
MDG,Madagascar,2012,442.641500123543
MDG,Madagascar,2011,441.755158414121
MDG,Madagascar,2010,447.417143030687
MDG,Madagascar,2009,457.789754866068
MDG,Madagascar,2008,490.963935389518
MDG,Madagascar,2007,473.785462328449
MDG,Madagascar,2006,461.540337897729
MDG,Madagascar,2005,450.955230911228
MDG,Madagascar,2004,443.278654985967
MWI,Malawi,2024,551.95152347056
MWI,Malawi,2023,557.03523965791
MWI,Malawi,2022,560.635759714941
MWI,Malawi,2021,569.968967322435
MWI,Malawi,2020,559.447086086067
MWI,Malawi,2019,569.866249371948
MWI,Malawi,2018,553.528790902088
MWI,Malawi,2017,544.795729220349
MWI,Malawi,2016,538.221990810959
MWI,Malawi,2015,539.605363240686
MWI,Malawi,2014,539.562601918057
MWI,Malawi,2013,525.357645516557
MWI,Malawi,2012,512.74031797451
MWI,Malawi,2011,517.833736624232
MWI,Malawi,2010,508.088650552846
MWI,Malawi,2009,489.631418790158
MWI,Malawi,2008,465.55147298007
MWI,Malawi,2007,445.254305419586
MWI,Malawi,2006,417.877689776503
MWI,Malawi,2005,410.267979592536
MWI,Malawi,2004,408.064916052765
MYS,Malaysia,2024,11883.79127749
MYS,Malaysia,2023,11445.3925275079
MYS,Malaysia,2022,11191.6511756943
MYS,Malaysia,2021,10388.2667120857
MYS,Malaysia,2020,10171.4657842762
MYS,Malaysia,2019,10902.9834855856
MYS,Malaysia,2018,10610.1950240479
MYS,Malaysia,2017,10293.7629205362
MYS,Malaysia,2016,9901.47960179812
MYS,Malaysia,2015,9648.6797937523
MYS,Malaysia,2014,9341.73055971278
MYS,Malaysia,2013,8964.80724896203
MYS,Malaysia,2012,8710.52671359902
MYS,Malaysia,2011,8400.32248683558
MYS,Malaysia,2010,8118.92270511981
MYS,Malaysia,2009,7700.46111294033
MYS,Malaysia,2008,7976.11785374773
MYS,Malaysia,2007,7769.59693350488
MYS,Malaysia,2006,7469.8106921211
MYS,Malaysia,2005,7234.02442689141
MYS,Malaysia,2004,7025.34558004381
MDV,Maldives,2024,11798.791369146
MDV,Maldives,2023,11439.5364342871
MDV,Maldives,2022,10939.9963271738
MDV,Maldives,2021,9759.2219360708
MDV,Maldives,2020,7295.60220956454
MDV,Maldives,2019,11194.9253748064
MDV,Maldives,2018,10793.8941325367
MDV,Maldives,2017,10263.2991147672
MDV,Maldives,2016,9909.07669723415
MDV,Maldives,2015,9644.90655028145
MDV,Maldives,2014,9612.07861806739
MDV,Maldives,2013,9213.32791442475
MDV,Maldives,2012,8907.66134868182
MDV,Maldives,2011,9005.81391375104
MDV,Maldives,2010,8569.52494600725
MDV,Maldives,2009,8313.4098369723
MDV,Maldives,2008,9396.49733610486
MDV,Maldives,2007,8933.17166363858
MDV,Maldives,2006,8620.72814678183
MDV,Maldives,2005,7141.88377049891
MDV,Maldives,2004,8174.41607301248
MLI,Mali,2024,910.300376300627
MLI,Mali,2023,892.689219532429
MLI,Mali,2022,877.817842434642
MLI,Mali,2021,872.332509422409
MLI,Mali,2020,872.389426815267
MLI,Mali,2019,909.751069706998
MLI,Mali,2018,892.978322787306
MLI,Mali,2017,878.561348378099
MLI,Mali,2016,860.75307554569
MLI,Mali,2015,838.11986940103
MLI,Mali,2014,813.97566128646
MLI,Mali,2013,788.819448208696
MLI,Mali,2012,786.323471337187
MLI,Mali,2011,818.399030997125
MLI,Mali,2010,821.181286586904
MLI,Mali,2009,803.486738930068
MLI,Mali,2008,787.156518982091
MLI,Mali,2007,784.893915013531
MLI,Mali,2006,797.10053288464
MLI,Mali,2005,794.373328212082
MLI,Mali,2004,800.501816705242
MLT,Malta,2024,34501.7892727094
MLT,Malta,2023,33429.8172092336
MLT,Malta,2022,31447.3917315418
MLT,Malta,2021,31419.5031714693
MLT,Malta,2020,27861.80732148
MLT,Malta,2019,29522.6480165028
MLT,Malta,2018,29536.7913868949
MLT,Malta,2017,28546.6464943104
MLT,Malta,2016,25969.4999809345
MLT,Malta,2015,25529.6693210673
MLT,Malta,2014,23866.0555833557
MLT,Malta,2013,22626.4876843887
MLT,Malta,2012,21529.3882643778
MLT,Malta,2011,20867.9213022084
MLT,Malta,2010,20750.6382477568
MLT,Malta,2009,19635.9067186725
MLT,Malta,2008,20064.4517895547
MLT,Malta,2007,19342.3162783941
MLT,Malta,2006,18479.2043785147
MLT,Malta,2005,18123.2601873346
MLT,Malta,2004,17728.3576050982
MHL,Marshall Islands,2024,5832.53435602429
MHL,Marshall Islands,2023,5460.11795915213
MHL,Marshall Islands,2022,5591.46393193103
MHL,Marshall Islands,2021,5455.31704015278
MHL,Marshall Islands,2020,5172.57528216176
MHL,Marshall Islands,2019,5162.81500670348
MHL,Marshall Islands,2018,4542.34293916308
MHL,Marshall Islands,2017,4190.93468589482
MHL,Marshall Islands,2016,3946.8444109078
MHL,Marshall Islands,2015,3764.34426229508
MHL,Marshall Islands,2014,3620.77275283155
MHL,Marshall Islands,2013,3602.92811901896
MHL,Marshall Islands,2012,3420.91444796671
MHL,Marshall Islands,2011,3433.06297801838
MHL,Marshall Islands,2010,3441.31888402121
MHL,Marshall Islands,2009,3262.26955535477
MHL,Marshall Islands,2008,3146.26177205458
MHL,Marshall Islands,2007,3403.47842798117
MHL,Marshall Islands,2006,3285.12078781351
MHL,Marshall Islands,2005,3284.78403267445
MHL,Marshall Islands,2004,3234.15265200518
MRT,Mauritania,2024,1692.84166088843
MRT,Mauritania,2023,1638.99221583023
MRT,Mauritania,2022,1580.70391528747
MRT,Mauritania,2021,1524.11753502309
MRT,Mauritania,2020,1557.19511875153
MRT,Mauritania,2019,1609.15396170643
MRT,Mauritania,2018,1606.91539159026
MRT,Mauritania,2017,1580.01453100123
MRT,Mauritania,2016,1531.87725661699
MRT,Mauritania,2015,1558.84205473416
MRT,Mauritania,2014,1524.45340969502
MRT,Mauritania,2013,1506.66419033006
MRT,Mauritania,2012,1492.69966692583
MRT,Mauritania,2011,1476.23923867862
MRT,Mauritania,2010,1463.84763242531
MRT,Mauritania,2009,1472.73229282851
MRT,Mauritania,2008,1518.05671993749
MRT,Mauritania,2007,1567.52103874761
MRT,Mauritania,2006,1641.14052210995
MRT,Mauritania,2005,1422.08355395812
MRT,Mauritania,2004,1342.01926086998
MUS,Mauritius,2024,11918.8045212095
MUS,Mauritius,2023,11330.7335655767
MUS,Mauritius,2022,10703.2364271462
MUS,Mauritius,2021,9849.34891121846
MUS,Mauritius,2020,9533.5982796049
MUS,Mauritius,2019,11111.3423669526
MUS,Mauritius,2018,10805.4615213739
MUS,Mauritius,2017,10383.8832682578
MUS,Mauritius,2016,9997.89198315532
MUS,Mauritius,2015,9630.5437837507
MUS,Mauritius,2014,9297.64820128968
MUS,Mauritius,2013,8968.51243536773
MUS,Mauritius,2012,8694.84560747968
MUS,Mauritius,2011,8423.28220250903
MUS,Mauritius,2010,8100.95282599507
MUS,Mauritius,2009,7778.25811331163
MUS,Mauritius,2008,7545.15683789094
MUS,Mauritius,2007,7180.23173197486
MUS,Mauritius,2006,6819.92708580325
MUS,Mauritius,2005,6533.89994300683
MUS,Mauritius,2004,6457.90977761094
MEX,Mexico,2024,10284.0336925726
MEX,Mexico,2023,10234.6840265651
MEX,Mexico,2022,10013.2479227064
MEX,Mexico,2021,9728.05680024504
MEX,Mexico,2020,9234.64362226594
MEX,Mexico,2019,10159.4448367696
MEX,Mexico,2018,10296.8690940459
MEX,Mexico,2017,10193.7727188313
MEX,Mexico,2016,10100.5021195819
MEX,Mexico,2015,10021.2386113616
MEX,Mexico,2014,9862.4812534745
MEX,Mexico,2013,9738.71059661101
MEX,Mexico,2012,9782.51776251839
MEX,Mexico,2011,9575.93437734618
MEX,Mexico,2010,9389.06722076504
MEX,Mexico,2009,9074.11881448129
MEX,Mexico,2008,9826.34218448486
MEX,Mexico,2007,9877.69532636562
MEX,Mexico,2006,9813.82804186659
MEX,Mexico,2005,9491.51730268004
MEX,Mexico,2004,9421.28976132695
FSM,"Micronesia, Fed. Sts.",2024,3001.79669747008
FSM,"Micronesia, Fed. Sts.",2023,2948.07720975276
FSM,"Micronesia, Fed. Sts.",2022,2928.52464245951
FSM,"Micronesia, Fed. Sts.",2021,3035.92251779232
FSM,"Micronesia, Fed. Sts.",2020,2963.44360529022
FSM,"Micronesia, Fed. Sts.",2019,3043.07718989012
FSM,"Micronesia, Fed. Sts.",2018,2946.05827846428
FSM,"Micronesia, Fed. Sts.",2017,2945.60147384462
FSM,"Micronesia, Fed. Sts.",2016,2896.47282245468
FSM,"Micronesia, Fed. Sts.",2015,2869.86276169101
FSM,"Micronesia, Fed. Sts.",2014,2757.39654878889
FSM,"Micronesia, Fed. Sts.",2013,2837.15746729135
FSM,"Micronesia, Fed. Sts.",2012,2952.58709656817
FSM,"Micronesia, Fed. Sts.",2011,3006.53976237006
FSM,"Micronesia, Fed. Sts.",2010,2901.24604798215
FSM,"Micronesia, Fed. Sts.",2009,2841.46745946079
FSM,"Micronesia, Fed. Sts.",2008,2779.82971113098
FSM,"Micronesia, Fed. Sts.",2007,2827.53072106163
FSM,"Micronesia, Fed. Sts.",2006,2853.20713732847
FSM,"Micronesia, Fed. Sts.",2005,2847.48229525537
FSM,"Micronesia, Fed. Sts.",2004,2758.74590390098
MDA,Moldova,2024,3855.56940382925
MDA,Moldova,2023,3758.3688194082
MDA,Moldova,2022,3610.14315344719
MDA,Moldova,2021,3688.16729442144
MDA,Moldova,2020,3188.91691602699
MDA,Moldova,2019,3438.67732670712
MDA,Moldova,2018,3267.9961042872
MDA,Moldova,2017,3085.33305844263
MDA,Moldova,2016,2910.95486872376
MDA,Moldova,2015,2749.55137054338
MDA,Moldova,2014,2737.80185056647
MDA,Moldova,2013,2605.85029986142
MDA,Moldova,2012,2389.08666147529
MDA,Moldova,2011,2402.94446306051
MDA,Moldova,2010,2269.51116145996
MDA,Moldova,2009,2116.94357544097
MDA,Moldova,2008,2249.22589719372
MDA,Moldova,2007,2082.51260097669
MDA,Moldova,2006,2017.17730062908
MDA,Moldova,2005,1919.44550763748
MDA,Moldova,2004,1781.19145323724
MCO,Monaco,2024,247170.10380708
MCO,Monaco,2023,225884.077199125
MCO,Monaco,2022,214359.505134575
MCO,Monaco,2021,194674.686164262
MCO,Monaco,2020,161262.850134167
MCO,Monaco,2019,185582.66851648
MCO,Monaco,2018,173041.679774743
MCO,Monaco,2017,165781.701248644
MCO,Monaco,2016,173120.108465128
MCO,Monaco,2015,170437.021128628
MCO,Monaco,2014,165288.122704322
MCO,Monaco,2013,157167.901201149
MCO,Monaco,2012,146472.609057682
MCO,Monaco,2011,148272.642343465
MCO,Monaco,2010,141814.720026733
MCO,Monaco,2009,142375.465128834
MCO,Monaco,2008,163243.675530457
MCO,Monaco,2007,162028.404533603
MCO,Monaco,2006,140615.112736683
MCO,Monaco,2005,132253.156279139
MCO,Monaco,2004,129403.344170518
MNG,Mongolia,2024,4626.79609644243
MNG,Mongolia,2023,4456.53627552726
MNG,Mongolia,2022,4205.88554513551
MNG,Mongolia,2021,4063.53669849245
MNG,Mongolia,2020,4066.03410882791
MNG,Mongolia,2019,4337.8167085432
MNG,Mongolia,2018,4183.85566447661
MNG,Mongolia,2017,3956.2049437134
MNG,Mongolia,2016,3817.91962716702
MNG,Mongolia,2015,3838.92126989984
MNG,Mongolia,2014,3830.35892049593
MNG,Mongolia,2013,3628.90708069575
MNG,Mongolia,2012,3318.16496597089
MNG,Mongolia,2011,3010.81642672623
MNG,Mongolia,2010,2611.67326563924
MNG,Mongolia,2009,2498.72967493254
MNG,Mongolia,2008,2576.71295838607
MNG,Mongolia,2007,2403.72416258662
MNG,Mongolia,2006,2209.74321787628
MNG,Mongolia,2005,2060.26168223171
MNG,Mongolia,2004,1942.36263694017
MNE,Montenegro,2024,8540.00427762252
MNE,Montenegro,2023,8278.02461006262
MNE,Montenegro,2022,7773.59958791074
MNE,Montenegro,2021,7198.3012265441
MNE,Montenegro,2020,6351.95187949313
MNE,Montenegro,2019,7470.29237568568
MNE,Montenegro,2018,7159.46778433252
MNE,Montenegro,2017,6840.90834101224
MNE,Montenegro,2016,6634.38197201003
MNE,Montenegro,2015,6421.00005731419
MNE,Montenegro,2014,6272.08821761355
MNE,Montenegro,2013,6138.24865275199
MNE,Montenegro,2012,5948.37632539014
MNE,Montenegro,2011,6110.65726880215
MNE,Montenegro,2010,5917.91510729977
MNE,Montenegro,2009,5768.65438505628
MNE,Montenegro,2008,6149.68269228913
MNE,Montenegro,2007,5763.03765244158
MNE,Montenegro,2006,5386.53580727982
MNE,Montenegro,2005,4967.68285096118
MNE,Montenegro,2004,4775.39661599401
MAR,Morocco,2024,3516.15405273438
MAR,Morocco,2023,3421.21704101563
MAR,Morocco,2022,3334.91162109375
MAR,Morocco,2021,3309.130859375
MAR,Morocco,2020,3090.89428710938
MAR,Morocco,2019,3364.73950195313
MAR,Morocco,2018,3304.7119140625
MAR,Morocco,2017,3242.64428710938
MAR,Morocco,2016,3124.42504882813
MAR,Morocco,2015,3146.24780273438
MAR,Morocco,2014,3051.458984375
MAR,Morocco,2013,3008.185546875
MAR,Morocco,2012,2927.45043945313
MAR,Morocco,2011,2879.53930664063
MAR,Morocco,2010,2767.04223632813
MAR,Morocco,2009,2710.66650390625
MAR,Morocco,2008,2648.58569335938
MAR,Morocco,2007,2540.615234375
MAR,Morocco,2006,2489.99291992188
MAR,Morocco,2005,2342.15478515625
MAR,Morocco,2004,2301.08178710938
MOZ,Mozambique,2024,605.763481416969
MOZ,Mozambique,2023,610.591041611538
MOZ,Mozambique,2022,596.086630918965
MOZ,Mozambique,2021,588.215854695416
MOZ,Mozambique,2020,591.804059985932
MOZ,Mozambique,2019,617.13932000195
MOZ,Mozambique,2018,621.153734194787
MOZ,Mozambique,2017,618.397694360334
MOZ,Mozambique,2016,620.779714954555
MOZ,Mozambique,2015,610.563774706589
MOZ,Mozambique,2014,585.266716133984
MOZ,Mozambique,2013,559.393953685688
MOZ,Mozambique,2012,540.2945177803
MOZ,Mozambique,2011,514.869957191994
MOZ,Mozambique,2010,494.162859074785
MOZ,Mozambique,2009,475.788178051193
MOZ,Mozambique,2008,460.94729485679
MOZ,Mozambique,2007,442.049574057751
MOZ,Mozambique,2006,420.526462764726
MOZ,Mozambique,2005,391.699758163976
MOZ,Mozambique,2004,377.064958084878
MMR,Myanmar,2024,1158.47928097728
MMR,Myanmar,2023,1177.76649645563
MMR,Myanmar,2022,1174.76697945755
MMR,Myanmar,2021,1136.9956605414
MMR,Myanmar,2020,1301.31386350667
MMR,Myanmar,2019,1440.98988236734
MMR,Myanmar,2018,1361.5683126412
MMR,Myanmar,2017,1290.5640902569
MMR,Myanmar,2016,1225.37913970989
MMR,Myanmar,2015,1166.73305546337
MMR,Myanmar,2014,1099.24387750099
MMR,Myanmar,2013,1024.69060473254
MMR,Myanmar,2012,953.123081923425
MMR,Myanmar,2011,895.512538750361
MMR,Myanmar,2010,854.932478016035
MMR,Myanmar,2009,785.634853157894
MMR,Myanmar,2008,714.620419017338
MMR,Myanmar,2007,651.729730890268
MMR,Myanmar,2006,586.085579927418
MMR,Myanmar,2005,522.099544784661
MMR,Myanmar,2004,463.330135715332
NAM,Namibia,2024,4032.40150676649
NAM,Namibia,2023,3973.49010579998
NAM,Namibia,2022,3905.55135268164
NAM,Namibia,2021,3809.80753359714
NAM,Namibia,2020,3787.49943973286
NAM,Namibia,2019,4243.09274481966
NAM,Namibia,2018,4400.47537705743
NAM,Namibia,2017,4476.73324402105
NAM,Namibia,2016,4648.62713460213
NAM,Namibia,2015,4774.10650865775
NAM,Namibia,2014,4701.95694189098
NAM,Namibia,2013,4549.26759093897
NAM,Namibia,2012,4420.96741373862
NAM,Namibia,2011,4302.72451368462
NAM,Namibia,2010,4165.12990200988
NAM,Namibia,2009,3989.20711387651
NAM,Namibia,2008,4036.38187484707
NAM,Namibia,2007,3987.61796106565
NAM,Namibia,2006,3834.99894666178
NAM,Namibia,2005,3627.75059772278
NAM,Namibia,2004,3582.89503259701
NRU,Naoero,2024,8218.72476802021
NRU,Naoero,2023,8150.43396263948
NRU,Naoero,2022,8260.97398991108
NRU,Naoero,2021,8325.88214663427
NRU,Naoero,2020,7770.69883784016
NRU,Naoero,2019,7687.19643322519
NRU,Naoero,2018,7149.78109138393
NRU,Naoero,2017,7308.31758516515
NRU,Naoero,2016,7925.5779662048
NRU,Naoero,2015,7747.25584993607
NRU,Naoero,2014,7638.99065218892
NRU,Naoero,2013,6735.42128061862
NRU,Naoero,2012,6626.18317072945
NRU,Naoero,2011,5417.44487923767
NRU,Naoero,2010,4748.76539924078
NRU,Naoero,2009,4761.56658392323
NRU,Naoero,2008,5045.18472364491
NRU,Naoero,2007,4199.70508141733
NRU,Naoero,2006,5382.10161869099
NRU,Naoero,2005,4955.30929946913
NRU,Naoero,2004,4949.8909692212
NPL,Nepal,2024,1179.95499311034
NPL,Nepal,2023,1136.4276931197
NPL,Nepal,2022,1113.55462341223
NPL,Nepal,2021,1062.7888430629
NPL,Nepal,2020,1031.53618783934
NPL,Nepal,2019,1077.11796498188
NPL,Nepal,2018,1021.91492204011
NPL,Nepal,2017,951.857298563641
NPL,Nepal,2016,875.188943730855
NPL,Nepal,2015,875.543635474862
NPL,Nepal,2014,846.665541773599
NPL,Nepal,2013,801.039060847856
NPL,Nepal,2012,775.310578479839
NPL,Nepal,2011,742.617252662576
NPL,Nepal,2010,721.265221364302
NPL,Nepal,2009,692.400000816919
NPL,Nepal,2008,666.865095417138
NPL,Nepal,2007,633.226129136597
NPL,Nepal,2006,617.477638588722
NPL,Nepal,2005,603.190108570995
NPL,Nepal,2004,589.46992868617
NLD,Netherlands,2024,51174.8997297902
NLD,Netherlands,2023,50960.7810305308
NLD,Netherlands,2022,51777.5314828276
NLD,Netherlands,2021,49780.8328352542
NLD,Netherlands,2020,47086.5674755497
NLD,Netherlands,2019,49254.024789064
NLD,Netherlands,2018,48463.0055608731
NLD,Netherlands,2017,47670.0858101833
NLD,Netherlands,2016,46655.0340264754
NLD,Netherlands,2015,45793.8135434697
NLD,Netherlands,2014,45042.0515907444
NLD,Netherlands,2013,44487.0378593394
NLD,Netherlands,2012,44631.8855633239
NLD,Netherlands,2011,45239.7198745589
NLD,Netherlands,2010,44659.2793901474
NLD,Netherlands,2009,44304.4041948677
NLD,Netherlands,2008,46227.1987545514
NLD,Netherlands,2007,45445.542186196
NLD,Netherlands,2006,43841.0915818567
NLD,Netherlands,2005,42411.3480862811
NLD,Netherlands,2004,41663.1290344572
NCL,New Caledonia,2024,
NCL,New Caledonia,2023,
NCL,New Caledonia,2022,
NCL,New Caledonia,2021,
NCL,New Caledonia,2020,
NCL,New Caledonia,2019,
NCL,New Caledonia,2018,
NCL,New Caledonia,2017,
NCL,New Caledonia,2016,
NCL,New Caledonia,2015,30858.7237060533
NCL,New Caledonia,2014,
NCL,New Caledonia,2013,
NCL,New Caledonia,2012,
NCL,New Caledonia,2011,
NCL,New Caledonia,2010,
NCL,New Caledonia,2009,
NCL,New Caledonia,2008,
NCL,New Caledonia,2007,
NCL,New Caledonia,2006,
NCL,New Caledonia,2005,
NCL,New Caledonia,2004,
NZL,New Zealand,2024,41415.4670639187
NZL,New Zealand,2023,42501.4932044968
NZL,New Zealand,2022,42716.0866783034
NZL,New Zealand,2021,41309.8198451344
NZL,New Zealand,2020,39702.3112090418
NZL,New Zealand,2019,40615.7266946543
NZL,New Zealand,2018,40257.9139260803
NZL,New Zealand,2017,39667.6884236272
NZL,New Zealand,2016,39205.0341298225
NZL,New Zealand,2015,38648.7302562109
NZL,New Zealand,2014,38025.4674998632
NZL,New Zealand,2013,37240.0279166822
NZL,New Zealand,2012,36588.819747177
NZL,New Zealand,2011,35961.911959259
NZL,New Zealand,2010,35476.3713609154
NZL,New Zealand,2009,35352.6428453692
NZL,New Zealand,2008,35722.2274262581
NZL,New Zealand,2007,36400.0153308952
NZL,New Zealand,2006,35649.0258495224
NZL,New Zealand,2005,35112.0769481474
NZL,New Zealand,2004,34358.6289046143
NIC,Nicaragua,2024,2290.31991989418
NIC,Nicaragua,2023,2241.1228811163
NIC,Nicaragua,2022,2175.73845893874
NIC,Nicaragua,2021,2128.30880041334
NIC,Nicaragua,2020,1950.19181218473
NIC,Nicaragua,2019,2019.91518620044
NIC,Nicaragua,2018,2107.3396261623
NIC,Nicaragua,2017,2209.63273423213
NIC,Nicaragua,2016,2140.14405941606
NIC,Nicaragua,2015,2074.45620634731
NIC,Nicaragua,2014,2006.64869646533
NIC,Nicaragua,2013,1941.45628552626
NIC,Nicaragua,2012,1876.1759720149
NIC,Nicaragua,2011,1786.62863418308
NIC,Nicaragua,2010,1704.37875049059
NIC,Nicaragua,2009,1655.72028962416
NIC,Nicaragua,2008,1736.65740610408
NIC,Nicaragua,2007,1703.20780299405
NIC,Nicaragua,2006,1644.37193565251
NIC,Nicaragua,2005,1601.48770707458
NIC,Nicaragua,2004,1555.87425694816
NER,Niger,2024,589.085643279512
NER,Niger,2023,561.960694711722
NER,Niger,2022,565.873385794358
NER,Niger,2021,520.912751008043
NER,Niger,2020,532.208221196997
NER,Niger,2019,526.60361746086
NER,Niger,2018,513.423699765289
NER,Niger,2017,497.172608329608
NER,Niger,2016,488.184823801581
NER,Niger,2015,485.662574175279
NER,Niger,2014,482.74524741946
NER,Niger,2013,469.690214200878
NER,Niger,2012,463.066265496402
NER,Niger,2011,434.986264873953
NER,Niger,2010,441.079166112039
NER,Niger,2009,421.650901333136
NER,Niger,2008,429.195542798877
NER,Niger,2007,413.419126261066
NER,Niger,2006,415.852022114801
NER,Niger,2005,407.190931059924
NER,Niger,2004,393.398781453199
NGA,Nigeria,2024,2324.59702394542
NGA,Nigeria,2023,2280.67777167162
NGA,Nigeria,2022,2254.29080414598
NGA,Nigeria,2021,2206.66406255564
NGA,Nigeria,2020,2228.68631426529
NGA,Nigeria,2019,2431.53528475874
NGA,Nigeria,2018,2431.77857832597
NGA,Nigeria,2017,2441.71236404537
NGA,Nigeria,2016,2481.81490350403
NGA,Nigeria,2015,2585.73360671797
NGA,Nigeria,2014,2583.61556958171
NGA,Nigeria,2013,2495.34106573862
NGA,Nigeria,2012,2403.65387896987
NGA,Nigeria,2011,2370.97657091881
NGA,Nigeria,2010,2315.46676509642
NGA,Nigeria,2009,2204.60725603823
NGA,Nigeria,2008,2098.2833922073
NGA,Nigeria,2007,2020.83316299437
NGA,Nigeria,2006,1949.15856804582
NGA,Nigeria,2005,1889.25175325842
NGA,Nigeria,2004,1824.80269456838
MKD,North Macedonia,2024,6628.84686594032
MKD,North Macedonia,2023,6423.99221393369
MKD,North Macedonia,2022,6250.62720952063
MKD,North Macedonia,2021,6064.92315120022
MKD,North Macedonia,2020,5743.72649424581
MKD,North Macedonia,2019,5961.58475399191
MKD,North Macedonia,2018,5698.39334484489
MKD,North Macedonia,2017,5510.81862920922
MKD,North Macedonia,2016,5429.94678358359
MKD,North Macedonia,2015,5262.68671928674
MKD,North Macedonia,2014,5053.75001236367
MKD,North Macedonia,2013,4863.68088666968
MKD,North Macedonia,2012,4708.05168535923
MKD,North Macedonia,2011,4711.13027870081
MKD,North Macedonia,2010,4582.36517512347
MKD,North Macedonia,2009,4405.20045750867
MKD,North Macedonia,2008,4392.5507164151
MKD,North Macedonia,2007,4140.63354809364
MKD,North Macedonia,2006,3866.74650622977
MKD,North Macedonia,2005,3657.56307699216
MKD,North Macedonia,2004,3473.76544811451
MNP,Northern Mariana Islands,2024,
MNP,Northern Mariana Islands,2023,
MNP,Northern Mariana Islands,2022,19461.8611129744
MNP,Northern Mariana Islands,2021,16365.016735395
MNP,Northern Mariana Islands,2020,15410.1186923944
MNP,Northern Mariana Islands,2019,21451.4401636511
MNP,Northern Mariana Islands,2018,23756.6075820248
MNP,Northern Mariana Islands,2017,28989.3470221339
MNP,Northern Mariana Islands,2016,23158.5744988538
MNP,Northern Mariana Islands,2015,17665.1007493109
MNP,Northern Mariana Islands,2014,16869.5270385638
MNP,Northern Mariana Islands,2013,16015.0349164338
MNP,Northern Mariana Islands,2012,15457.4258192247
MNP,Northern Mariana Islands,2011,15226.1308805108
MNP,Northern Mariana Islands,2010,16293.3059496259
MNP,Northern Mariana Islands,2009,15710.5807282039
MNP,Northern Mariana Islands,2008,18451.3905458787
MNP,Northern Mariana Islands,2007,20117.7037335229
MNP,Northern Mariana Islands,2006,20940.1619770428
MNP,Northern Mariana Islands,2005,21882.2927935415
MNP,Northern Mariana Islands,2004,24445.4618441919
NOR,Norway,2024,83487.1332276928
NOR,Norway,2023,83100.7944645872
NOR,Norway,2022,83756.7383805061
NOR,Norway,2021,81199.3391492139
NOR,Norway,2020,78387.0435023102
NOR,Norway,2019,79937.5097885912
NOR,Norway,2018,79313.2889434042
NOR,Norway,2017,78961.7757906168
NOR,Norway,2016,77532.2750022669
NOR,Norway,2015,77220.9524311414
NOR,Norway,2014,76430.7374974687
NOR,Norway,2013,75711.2410395262
NOR,Norway,2012,75669.0612719716
NOR,Norway,2011,74563.8349085669
NOR,Norway,2010,74505.4313586335
NOR,Norway,2009,74688.7531445371
NOR,Norway,2008,76876.8705028009
NOR,Norway,2007,77205.7545984008
NOR,Norway,2006,75428.8816534082
NOR,Norway,2005,73933.7446235264
NOR,Norway,2004,72292.1208978835
OMN,Oman,2024,17347.2911298513
OMN,Oman,2023,17853.9644897801
OMN,Oman,2022,18792.4460565306
OMN,Oman,2021,18291.3387983888
OMN,Oman,2020,17743.8858800477
OMN,Oman,2019,18089.586668488
OMN,Oman,2018,18269.6769435562
OMN,Oman,2017,18277.945563615
OMN,Oman,2016,18830.6057208608
OMN,Oman,2015,18808.3077921839
OMN,Oman,2014,18726.2026946971
OMN,Oman,2013,19299.9400516869
OMN,Oman,2012,19824.1215485946
OMN,Oman,2011,20993.9079436935
OMN,Oman,2010,22766.0503620721
OMN,Oman,2009,22819.1977324647
OMN,Oman,2008,22007.7338963517
OMN,Oman,2007,20642.7489563377
OMN,Oman,2006,20096.3965576134
OMN,Oman,2005,19629.0451546015
OMN,Oman,2004,19534.8601445269
PAK,Pakistan,2024,1635.08731167091
PAK,Pakistan,2023,1610.33122837537
PAK,Pakistan,2022,1642.28066974826
PAK,Pakistan,2021,1595.02792175422
PAK,Pakistan,2020,1526.00597486307
PAK,Pakistan,2019,1573.8330826937
PAK,Pakistan,2018,1561.68169819559
PAK,Pakistan,2017,1495.26187528032
PAK,Pakistan,2016,1452.18658269177
PAK,Pakistan,2015,1380.47020838317
PAK,Pakistan,2014,1343.30778121043
PAK,Pakistan,2013,1309.70080446386
PAK,Pakistan,2012,1275.48806898966
PAK,Pakistan,2011,1261.83161907857
PAK,Pakistan,2010,1256.69482201323
PAK,Pakistan,2009,1269.07432116444
PAK,Pakistan,2008,1258.05188934452
PAK,Pakistan,2007,1265.35567539842
PAK,Pakistan,2006,1243.94142602543
PAK,Pakistan,2005,1201.23359367214
PAK,Pakistan,2004,1146.99632842666
PLW,Palau,2024,14666.5457772703
PLW,Palau,2023,13070.7944502154
PLW,Palau,2022,12889.6216058288
PLW,Palau,2021,12932.0857060233
PLW,Palau,2020,14673.8845975778
PLW,Palau,2019,15606.4827634374
PLW,Palau,2018,15545.7219371676
PLW,Palau,2017,15612.6700180498
PLW,Palau,2016,16179.3959628749
PLW,Palau,2015,15938.3652222848
PLW,Palau,2014,14725.8436432778
PLW,Palau,2013,14184.0449521037
PLW,Palau,2012,14289.7833891839
PLW,Palau,2011,13758.7587383152
PLW,Palau,2010,12933.0676102142
PLW,Palau,2009,13113.5786666921
PLW,Palau,2008,13759.0034121669
PLW,Palau,2007,14346.8995831129
PLW,Palau,2006,14037.3706523634
PLW,Palau,2005,13845.7172322875
PLW,Palau,2004,13456.8137686422
PAN,Panama,2024,17122.7168795289
PAN,Panama,2023,16877.1543425646
PAN,Panama,2022,15956.0671087873
PAN,Panama,2021,14552.9345271768
PAN,Panama,2020,12647.0914227279
PAN,Panama,2019,15602.5315209709
PAN,Panama,2018,15375.6500855703
PAN,Panama,2017,15045.5456426827
PAN,Panama,2016,14474.1243636349
PAN,Panama,2015,14082.6548502728
PAN,Panama,2014,13611.5490809559
PAN,Panama,2013,13236.8306754449
PAN,Panama,2012,12668.2945474105
PAN,Panama,2011,11761.4988547604
PAN,Panama,2010,10698.0717633911
PAN,Panama,2009,10267.0633151993
PAN,Panama,2008,10288.1549911493
PAN,Panama,2007,9507.64641073854
PAN,Panama,2006,8557.9801770364
PAN,Panama,2005,7935.87135060821
PAN,Panama,2004,7468.76593139801
PNG,Papua New Guinea,2024,2566.91067057792
PNG,Papua New Guinea,2023,2515.28575096589
PNG,Papua New Guinea,2022,2467.24008628973
PNG,Papua New Guinea,2021,2378.3893914666
PNG,Papua New Guinea,2020,2438.61137922293
PNG,Papua New Guinea,2019,2572.56177967896
PNG,Papua New Guinea,2018,2518.45899317321
PNG,Papua New Guinea,2017,2584.8883636271
PNG,Papua New Guinea,2016,2557.09463030035
PNG,Papua New Guinea,2015,2484.5963398603
PNG,Papua New Guinea,2014,2391.3578028163
PNG,Papua New Guinea,2013,2162.10592595591
PNG,Papua New Guinea,2012,2139.48096660428
PNG,Papua New Guinea,2011,2102.03192060639
PNG,Papua New Guinea,2010,2140.50939027384
PNG,Papua New Guinea,2009,2003.24109727039
PNG,Papua New Guinea,2008,1934.03201558753
PNG,Papua New Guinea,2007,2000.9726186689
PNG,Papua New Guinea,2006,1915.2349405788
PNG,Papua New Guinea,2005,1875.82273480514
PNG,Papua New Guinea,2004,1821.84741071002
PRY,Paraguay,2024,6670.6995656958
PRY,Paraguay,2023,6452.28566840034
PRY,Paraguay,2022,6204.20811531911
PRY,Paraguay,2021,6276.7748423663
PRY,Paraguay,2020,6109.19608100615
PRY,Paraguay,2019,6243.53620897773
PRY,Paraguay,2018,6354.2392005297
PRY,Paraguay,2017,6243.13363139058
PRY,Paraguay,2016,6041.95879367268
PRY,Paraguay,2015,5879.33792308671
PRY,Paraguay,2014,5794.4764468976
PRY,Paraguay,2013,5583.12274473463
PRY,Paraguay,2012,5230.26244858764
PRY,Paraguay,2011,5342.19015717376
PRY,Paraguay,2010,5191.05014254402
PRY,Paraguay,2009,4727.59685811395
PRY,Paraguay,2008,4788.6631877791
PRY,Paraguay,2007,4540.38235899198
PRY,Paraguay,2006,4349.31197066182
PRY,Paraguay,2005,4193.2808652562
PRY,Paraguay,2004,4151.34584799368
PER,Peru,2024,6732.27773809578
PER,Peru,2023,6575.18295502228
PER,Peru,2022,6671.28902042137
PER,Peru,2021,6550.96747543872
PER,Peru,2020,5831.83024758521
PER,Peru,2019,6626.26083494969
PER,Peru,2018,6593.14437459526
PER,Peru,2017,6457.41940254721
PER,Peru,2016,6392.25474941014
PER,Peru,2015,6231.71150338894
PER,Peru,2014,6103.91864749969
PER,Peru,2013,6021.46142765232
PER,Peru,2012,5740.04346272472
PER,Peru,2011,5453.45718713631
PER,Peru,2010,5167.39259325937
PER,Peru,2009,4801.17153740507
PER,Peru,2008,4778.52642172313
PER,Peru,2007,4407.79121686416
PER,Peru,2006,4091.36268615581
PER,Peru,2005,3835.13219279722
PER,Peru,2004,3640.60299869744
PHL,Philippines,2024,3926.14900894495
PHL,Philippines,2023,3744.69763802686
PHL,Philippines,2022,3577.70136573244
PHL,Philippines,2021,3350.97587587776
PHL,Philippines,2020,3198.66690008413
PHL,Philippines,2019,3575.88170922922
PHL,Philippines,2018,3410.93647976109
PHL,Philippines,2017,3247.4503878362
PHL,Philippines,2016,3076.3374186759
PHL,Philippines,2015,2909.85818010301
PHL,Philippines,2014,2776.92005909479
PHL,Philippines,2013,2654.41506933978
PHL,Philippines,2012,2533.74141964959
PHL,Philippines,2011,2416.75212064542
PHL,Philippines,2010,2373.14312064664
PHL,Philippines,2009,2256.72554835463
PHL,Philippines,2008,2264.9462907288
PHL,Philippines,2007,2209.34651083329
PHL,Philippines,2006,2110.42044781284
PHL,Philippines,2005,2037.8776605946
PHL,Philippines,2004,1978.34489133113
POL,Poland,2024,18000.5034591285
POL,Poland,2023,17410.3830137066
POL,Poland,2022,17303.64494323
POL,Poland,2021,16368.6239689025
POL,Poland,2020,15090.2228440113
POL,Poland,2019,15221.3090624454
POL,Poland,2018,14551.0850277089
POL,Poland,2017,13695.6452848724
POL,Poland,2016,13026.1858988718
POL,Poland,2015,12637.5220324406
POL,Poland,2014,12093.1622787394
POL,Poland,2013,11628.2286809525
POL,Poland,2012,11542.2353368014
POL,Poland,2011,11370.313427173
POL,Poland,2010,10808.3975674238
POL,Poland,2009,10446.5289138524
POL,Poland,2008,10187.2017910883
POL,Poland,2007,9760.7042604352
POL,Poland,2006,9137.65850849801
POL,Poland,2005,8598.57681241557
POL,Poland,2004,8323.38773754587
PRT,Portugal,2024,22663.993126225
PRT,Portugal,2023,22417.1634060906
PRT,Portugal,2022,22042.8680283647
PRT,Portugal,2021,20747.6990734163
PRT,Portugal,2020,19778.7139525722
PRT,Portugal,2019,21569.1874752919
PRT,Portugal,2018,20997.7745987013
PRT,Portugal,2017,20364.1962735946
PRT,Portugal,2016,19662.82312462
PRT,Portugal,2015,19215.7813014347
PRT,Portugal,2014,18836.8967978906
PRT,Portugal,2013,18597.7214623964
PRT,Portugal,2012,18679.7626789594
PRT,Portugal,2011,19389.6395896162
PRT,Portugal,2010,19698.6836791397
PRT,Portugal,2009,19371.1318876855
PRT,Portugal,2008,20014.4749330004
PRT,Portugal,2007,19979.5706280792
PRT,Portugal,2006,19529.3122100477
PRT,Portugal,2005,19251.71450683
PRT,Portugal,2004,19137.8370898949
PRI,Puerto Rico (US),2024,30978.7473320338
PRI,Puerto Rico (US),2023,30012.9055109463
PRI,Puerto Rico (US),2022,29643.6396279994
PRI,Puerto Rico (US),2021,28416.4489370346
PRI,Puerto Rico (US),2020,28144.713741876
PRI,Puerto Rico (US),2019,29185.0969964707
PRI,Puerto Rico (US),2018,28808.8518638025
PRI,Puerto Rico (US),2017,29061.5563802711
PRI,Puerto Rico (US),2016,29326.5748761873
PRI,Puerto Rico (US),2015,29242.041465085
PRI,Puerto Rico (US),2014,29141.2038639816
PRI,Puerto Rico (US),2013,29115.3549161996
PRI,Puerto Rico (US),2012,28968.6942131352
PRI,Puerto Rico (US),2011,28706.0207514856
PRI,Puerto Rico (US),2010,28569.5077088001
PRI,Puerto Rico (US),2009,28565.767919549
PRI,Puerto Rico (US),2008,28976.1310520159
PRI,Puerto Rico (US),2007,29347.8460041613
PRI,Puerto Rico (US),2006,29519.7386759729
PRI,Puerto Rico (US),2005,29815.216422231
PRI,Puerto Rico (US),2004,30375.7895758237
QAT,Qatar,2024,62395.3113297112
QAT,Qatar,2023,65111.033321485
QAT,Qatar,2022,64315.6263643699
QAT,Qatar,2021,65488.5117911123
QAT,Qatar,2020,57769.604104354
QAT,Qatar,2019,63430.4607609581
QAT,Qatar,2018,64410.8171280981
QAT,Qatar,2017,64497.6987225375
QAT,Qatar,2016,67294.4585771356
QAT,Qatar,2015,68985.2946961507
QAT,Qatar,2014,71756.0649338302
QAT,Qatar,2013,77379.6735599552
QAT,Qatar,2012,82441.7405083009
QAT,Qatar,2011,83533.4963791019
QAT,Qatar,2010,74271.9022959058
QAT,Qatar,2009,63939.8050831437
QAT,Qatar,2008,64393.5954479866
QAT,Qatar,2007,64614.0465071968
QAT,Qatar,2006,68036.6212164734
QAT,Qatar,2005,63555.6239820478
QAT,Qatar,2004,63107.0086346445
ROU,Romania,2024,12459.9112061891
ROU,Romania,2023,12340.8170509969
ROU,Romania,2022,12076.3033811896
ROU,Romania,2021,11546.3224998072
ROU,Romania,2020,10854.049431887
ROU,Romania,2019,11197.3162915853
ROU,Romania,2018,10714.1701157127
ROU,Romania,2017,10106.2269557253
ROU,Romania,2016,9286.87678236598
ROU,Romania,2015,8977.01748158196
ROU,Romania,2014,8661.47397274241
ROU,Romania,2013,8287.95844089676
ROU,Romania,2012,8234.28553425194
ROU,Romania,2011,8044.57194920892
ROU,Romania,2010,7660.70667630517
ROU,Romania,2009,7924.87058070212
ROU,Romania,2008,8318.00342795388
ROU,Romania,2007,7483.97375820611
ROU,Romania,2006,6876.77841417966
ROU,Romania,2005,6328.09022324183
ROU,Romania,2004,6008.64048461485
RUS,Russian Federation,2024,11092.6337890625
RUS,Russian Federation,2023,10560.4658203125
RUS,Russian Federation,2022,10119.115234375
RUS,Russian Federation,2021,10231.318359375
RUS,Russian Federation,2020,9632.3251953125
RUS,Russian Federation,2019,9882.0244140625
RUS,Russian Federation,2018,9674.787109375
RUS,Russian Federation,2017,9418.99609375
RUS,Russian Federation,2016,9269.3173828125
RUS,Russian Federation,2015,9277.7138671875
RUS,Russian Federation,2014,9493.8125
RUS,Russian Federation,2013,9601.537109375
RUS,Russian Federation,2012,9464.0107421875
RUS,Russian Federation,2011,9120.8203125
RUS,Russian Federation,2010,8755.1201171875
RUS,Russian Federation,2009,8381.8681640625
RUS,Russian Federation,2008,9093.7001953125
RUS,Russian Federation,2007,8640.40625
RUS,Russian Federation,2006,7949.89697265625
RUS,Russian Federation,2005,7323.38525390625
RUS,Russian Federation,2004,6856.67822265625
RWA,Rwanda,2024,1043.15961499906
RWA,Rwanda,2023,993.911004643524
RWA,Rwanda,2022,935.89483254264
RWA,Rwanda,2021,871.041835304187
RWA,Rwanda,2020,821.257133282758
RWA,Rwanda,2019,863.872077583172
RWA,Rwanda,2018,808.704812752127
RWA,Rwanda,2017,765.845359390541
RWA,Rwanda,2016,748.798132068173
RWA,Rwanda,2015,725.691418696952
RWA,Rwanda,2014,682.709499066795
RWA,Rwanda,2013,661.893969452494
RWA,Rwanda,2012,647.436613845487
RWA,Rwanda,2011,610.376236415572
RWA,Rwanda,2010,579.419162804581
RWA,Rwanda,2009,553.621518556047
RWA,Rwanda,2008,534.678298622161
RWA,Rwanda,2007,493.803359157317
RWA,Rwanda,2006,471.150850642442
RWA,Rwanda,2005,443.00802474736
RWA,Rwanda,2004,415.943819000396
WSM,Samoa,2024,4880.54418032056
WSM,Samoa,2023,4688.46305366113
WSM,Samoa,2022,4095.15875576978
WSM,Samoa,2021,4032.1373106241
WSM,Samoa,2020,4283.06392492734
WSM,Samoa,2019,4466.08075482035
WSM,Samoa,2018,4321.00518344962
WSM,Samoa,2017,4393.37316255965
WSM,Samoa,2016,4373.23792440391
WSM,Samoa,2015,4084.36083819933
WSM,Samoa,2014,3967.23730470679
WSM,Samoa,2013,3976.39289268132
WSM,Samoa,2012,4007.91092846814
WSM,Samoa,2011,4201.45663738908
WSM,Samoa,2010,4081.15535978003
WSM,Samoa,2009,3875.94291686166
WSM,Samoa,2008,3925.8743329936
WSM,Samoa,2007,3818.25503804332
WSM,Samoa,2006,3820.92239453139
WSM,Samoa,2005,3755.78242822467
WSM,Samoa,2004,3535.73813824914
SMR,San Marino,2024,
SMR,San Marino,2023,51323.7741002928
SMR,San Marino,2022,51277.3242468583
SMR,San Marino,2021,46834.1172363873
SMR,San Marino,2020,40506.8341853183
SMR,San Marino,2019,43525.4039798176
SMR,San Marino,2018,42818.6755959614
SMR,San Marino,2017,43057.7582484571
SMR,San Marino,2016,43886.1965081114
SMR,San Marino,2015,43146.8035302005
SMR,San Marino,2014,42492.831738275
SMR,San Marino,2013,42293.4679807917
SMR,San Marino,2012,42082.5364542056
SMR,San Marino,2011,46450.0042070199
SMR,San Marino,2010,49672.6753589594
SMR,San Marino,2009,52873.2443236949
SMR,San Marino,2008,61572.7157847481
SMR,San Marino,2007,62776.9178275821
SMR,San Marino,2006,60604.3235393604
SMR,San Marino,2005,59049.5507985237
SMR,San Marino,2004,58393.1973140469
STP,Sao Tome and Principe,2024,1373.27082138436
STP,Sao Tome and Principe,2023,1380.60169416257
STP,Sao Tome and Principe,2022,1403.23356704678
STP,Sao Tome and Principe,2021,1428.28676097975
STP,Sao Tome and Principe,2020,1430.84119299096
STP,Sao Tome and Principe,2019,1420.66008316091
STP,Sao Tome and Principe,2018,1413.84348618541
STP,Sao Tome and Principe,2017,1375.59403284199
STP,Sao Tome and Principe,2016,1342.533807689
STP,Sao Tome and Principe,2015,1298.10946596396
STP,Sao Tome and Principe,2014,1301.32146445028
STP,Sao Tome and Principe,2013,1263.70423995281
STP,Sao Tome and Principe,2012,1225.6945255615
STP,Sao Tome and Principe,2011,1214.96130276731
STP,Sao Tome and Principe,2010,1216.3502521663
STP,Sao Tome and Principe,2009,1225.60541902997
STP,Sao Tome and Principe,2008,1214.14114724792
STP,Sao Tome and Principe,2007,1170.51612474435
STP,Sao Tome and Principe,2006,1157.0861446542
STP,Sao Tome and Principe,2005,1089.14778798762
STP,Sao Tome and Principe,2004,1047.05796134884
SAU,Saudi Arabia,2024,25123.0122060281
SAU,Saudi Arabia,2023,25634.8237547841
SAU,Saudi Arabia,2022,26706.917926066
SAU,Saudi Arabia,2021,24922.6716948944
SAU,Saudi Arabia,2020,22827.671935548
SAU,Saudi Arabia,2019,24905.6697428558
SAU,Saudi Arabia,2018,24393.5188306638
SAU,Saudi Arabia,2017,23035.1199977707
SAU,Saudi Arabia,2016,22783.0328538685
SAU,Saudi Arabia,2015,23256.1549553531
SAU,Saudi Arabia,2014,23404.7306039825
SAU,Saudi Arabia,2013,23057.3494468535
SAU,Saudi Arabia,2012,23643.0358324647
SAU,Saudi Arabia,2011,23314.5576023168
SAU,Saudi Arabia,2010,21830.1424272816
SAU,Saudi Arabia,2009,20577.5453445336
SAU,Saudi Arabia,2008,21629.8405734551
SAU,Saudi Arabia,2007,21196.7926036633
SAU,Saudi Arabia,2006,21616.3355772516
SAU,Saudi Arabia,2005,21838.1915349374
SAU,Saudi Arabia,2004,21545.894988606
SEN,Senegal,2024,1517.61838829684
SEN,Senegal,2023,1458.9664233275
SEN,Senegal,2022,1433.19918752288
SEN,Senegal,2021,1414.53951093499
SEN,Senegal,2020,1361.7914374888
SEN,Senegal,2019,1379.60875249843
SEN,Senegal,2018,1355.09610863533
SEN,Senegal,2017,1312.10932775878
SEN,Senegal,2016,1257.40906916238
SEN,Senegal,2015,1218.00613555438
SEN,Senegal,2014,1180.7987108505
SEN,Senegal,2013,1147.3859217191
SEN,Senegal,2012,1154.05677992367
SEN,Senegal,2011,1139.74447892639
SEN,Senegal,2010,1153.53431121583
SEN,Senegal,2009,1142.65317233964
SEN,Senegal,2008,1138.66883930214
SEN,Senegal,2007,1123.99862153285
SEN,Senegal,2006,1118.7830430051
SEN,Senegal,2005,1119.0505307548
SEN,Senegal,2004,1098.20064546027
SRB,Serbia,2024,8580.26105823259
SRB,Serbia,2023,8208.4786891507
SRB,Serbia,2022,7862.95387364846
SRB,Serbia,2021,7465.67601077148
SRB,Serbia,2020,6850.96742168834
SRB,Serbia,2019,6870.75810896296
SRB,Serbia,2018,6524.08029755191
SRB,Serbia,2017,6200.26118592152
SRB,Serbia,2016,6024.95754653784
SRB,Serbia,2015,5820.3215576888
SRB,Serbia,2014,5716.54047153506
SRB,Serbia,2013,5793.33614525565
SRB,Serbia,2012,5739.3075023532
SRB,Serbia,2011,5737.00120175811
SRB,Serbia,2010,5690.70327182682
SRB,Serbia,2009,5578.0119741931
SRB,Serbia,2008,5735.94772695749
SRB,Serbia,2007,5431.27887426624
SRB,Serbia,2006,5016.41289322251
SRB,Serbia,2005,4809.1384076488
SRB,Serbia,2004,4527.43498659451
SYC,Seychelles,2024,16612.6374865452
SYC,Seychelles,2023,16286.8557867673
SYC,Seychelles,2022,15471.2109575418
SYC,Seychelles,2021,17005.0422063679
SYC,Seychelles,2020,17048.361729788
SYC,Seychelles,2019,19481.6461053742
SYC,Seychelles,2018,18628.1862276696
SYC,Seychelles,2017,17921.5731976918
SYC,Seychelles,2016,16962.6753972731
SYC,Seychelles,2015,15333.1051727105
SYC,Seychelles,2014,14395.6158118771
SYC,Seychelles,2013,14050.3135581314
SYC,Seychelles,2012,14135.0010570653
SYC,Seychelles,2011,13843.7116081878
SYC,Seychelles,2010,12313.5566919249
SYC,Seychelles,2009,12116.3783687977
SYC,Seychelles,2008,12473.2921769121
SYC,Seychelles,2007,13112.8210098816
SYC,Seychelles,2006,12105.4475265558
SYC,Seychelles,2005,11297.3118190493
SYC,Seychelles,2004,10412.0868936027
SLE,Sierra Leone,2024,1137.29005648131
SLE,Sierra Leone,2023,1113.86837500697
SLE,Sierra Leone,2022,1077.08884538507
SLE,Sierra Leone,2021,1045.7661615758
SLE,Sierra Leone,2020,1010.25294614757
SLE,Sierra Leone,2019,1046.96778078594
SLE,Sierra Leone,2018,1015.6678297205
SLE,Sierra Leone,2017,1010.54694071207
SLE,Sierra Leone,2016,1002.77862282013
SLE,Sierra Leone,2015,964.575980888989
SLE,Sierra Leone,2014,1032.23789355905
SLE,Sierra Leone,2013,1146.81973456475
SLE,Sierra Leone,2012,1025.04366004502
SLE,Sierra Leone,2011,950.760763054593
SLE,Sierra Leone,2010,902.769891411394
SLE,Sierra Leone,2009,872.23959352481
SLE,Sierra Leone,2008,882.54147817868
SLE,Sierra Leone,2007,872.68836234614
SLE,Sierra Leone,2006,859.824260714965
SLE,Sierra Leone,2005,842.906030904902
SLE,Sierra Leone,2004,829.759768928304
SGP,Singapore,2024,68129.6960402288
SGP,Singapore,2023,65976.7068036903
SGP,Singapore,2022,68271.0897525302
SGP,Singapore,2021,67846.8565377728
SGP,Singapore,2020,59083.8574841572
SGP,Singapore,2019,61106.3119775351
SGP,Singapore,2018,61101.5252578902
SGP,Singapore,2017,59493.3758595703
SGP,Singapore,2016,57076.5241936787
SGP,Singapore,2015,55645.6068614606
SGP,Singapore,2014,54681.9336458253
SGP,Singapore,2013,53298.9728558286
SGP,Singapore,2012,51679.352717333
SGP,Singapore,2011,50713.5326393594
SGP,Singapore,2010,48752.0515441859
SGP,Singapore,2009,43331.8746638962
SGP,Singapore,2008,44601.5799302699
SGP,Singapore,2007,46178.8139470199
SGP,Singapore,2006,44159.4101820552
SGP,Singapore,2005,41798.4880834671
SGP,Singapore,2004,39856.6356222613
SXM,Sint Maarten (Dutch part),2024,34840.1808133458
SXM,Sint Maarten (Dutch part),2023,34300.9630414348
SXM,Sint Maarten (Dutch part),2022,33523.6042042737
SXM,Sint Maarten (Dutch part),2021,29834.6350068383
SXM,Sint Maarten (Dutch part),2020,28920.3773007159
SXM,Sint Maarten (Dutch part),2019,33877.976645467
SXM,Sint Maarten (Dutch part),2018,31047.7241050626
SXM,Sint Maarten (Dutch part),2017,33945.4185182499
SXM,Sint Maarten (Dutch part),2016,37428.7027557069
SXM,Sint Maarten (Dutch part),2015,37839.6283815163
SXM,Sint Maarten (Dutch part),2014,38623.1999405819
SXM,Sint Maarten (Dutch part),2013,38889.7715088035
SXM,Sint Maarten (Dutch part),2012,39298.9873567827
SXM,Sint Maarten (Dutch part),2011,39615.1371367338
SXM,Sint Maarten (Dutch part),2010,38403.0705201664
SXM,Sint Maarten (Dutch part),2009,37548.9474627441
SXM,Sint Maarten (Dutch part),2008,
SXM,Sint Maarten (Dutch part),2007,
SXM,Sint Maarten (Dutch part),2006,
SXM,Sint Maarten (Dutch part),2005,
SXM,Sint Maarten (Dutch part),2004,
SVK,Slovak Republic,2024,19776.1758069498
SVK,Slovak Republic,2023,19383.3732009401
SVK,Slovak Republic,2022,18964.8298400624
SVK,Slovak Republic,2021,18808.4540496595
SVK,Slovak Republic,2020,17763.8563847352
SVK,Slovak Republic,2019,18250.9802475637
SVK,Slovak Republic,2018,17869.0149173679
SVK,Slovak Republic,2017,17195.2888721963
SVK,Slovak Republic,2016,16740.7413996428
SVK,Slovak Republic,2015,16442.0760860018
SVK,Slovak Republic,2014,15647.6491763517
SVK,Slovak Republic,2013,15249.8824513785
SVK,Slovak Republic,2012,15159.6570420004
SVK,Slovak Republic,2011,14950.8735178599
SVK,Slovak Republic,2010,14596.1477776887
SVK,Slovak Republic,2009,13680.7537106597
SVK,Slovak Republic,2008,14497.1114407172
SVK,Slovak Republic,2007,13770.9602691527
SVK,Slovak Republic,2006,12430.2015488557
SVK,Slovak Republic,2005,11412.1593630008
SVK,Slovak Republic,2004,10718.2101858841
SVN,Slovenia,2024,26134.627203987
SVN,Slovenia,2023,25773.9015835069
SVN,Slovenia,2022,25275.715967757
SVN,Slovenia,2021,24665.4410464026
SVN,Slovenia,2020,22811.8050540778
SVN,Slovenia,2019,23943.1800949889
SVN,Slovenia,2018,23293.966665323
SVN,Slovenia,2017,22397.7634988337
SVN,Slovenia,2016,21309.7122138949
SVN,Slovenia,2015,20697.2748530619
SVN,Slovenia,2014,20228.7081986391
SVN,Slovenia,2013,19704.2186005128
SVN,Slovenia,2012,19894.8697964548
SVN,Slovenia,2011,20535.4155754108
SVN,Slovenia,2010,20444.1201295876
SVN,Slovenia,2009,20307.6188322273
SVN,Slovenia,2008,22175.2369557321
SVN,Slovenia,2007,21485.780992381
SVN,Slovenia,2006,20166.5323431214
SVN,Slovenia,2005,19102.2776603905
SVN,Slovenia,2004,18425.2601213581
SLB,Solomon Islands,2024,1806.38367324387
SLB,Solomon Islands,2023,1795.88798697142
SLB,Solomon Islands,2022,1788.61727922057
SLB,Solomon Islands,2021,1880.5519827183
SLB,Solomon Islands,2020,1930.65510307199
SLB,Solomon Islands,2019,2043.09139778307
SLB,Solomon Islands,2018,2061.8996970669
SLB,Solomon Islands,2017,2075.36705302305
SLB,Solomon Islands,2016,2084.24845745225
SLB,Solomon Islands,2015,2045.47721526649
SLB,Solomon Islands,2014,2085.16067273086
SLB,Solomon Islands,2013,2136.72116177034
SLB,Solomon Islands,2012,2105.91423758379
SLB,Solomon Islands,2011,2132.02844199392
SLB,Solomon Islands,2010,2058.95691648883
SLB,Solomon Islands,2009,1930.46287614922
SLB,Solomon Islands,2008,1911.18969015528
SLB,Solomon Islands,2007,1830.23321405807
SLB,Solomon Islands,2006,1796.71439810674
SLB,Solomon Islands,2005,1755.74082446273
SLB,Solomon Islands,2004,1664.57315979072
SOM,"Somalia, Fed. Rep.",2024,467.269910194458
SOM,"Somalia, Fed. Rep.",2023,464.72106952561
SOM,"Somalia, Fed. Rep.",2022,460.046226685238
SOM,"Somalia, Fed. Rep.",2021,461.627830726021
SOM,"Somalia, Fed. Rep.",2020,462.867053737278
SOM,"Somalia, Fed. Rep.",2019,494.444039712384
SOM,"Somalia, Fed. Rep.",2018,498.981065013918
SOM,"Somalia, Fed. Rep.",2017,506.501098879426
SOM,"Somalia, Fed. Rep.",2016,458.92147682461
SOM,"Somalia, Fed. Rep.",2015,445.583080073396
SOM,"Somalia, Fed. Rep.",2014,417.516796906402
SOM,"Somalia, Fed. Rep.",2013,397.108796344814
SOM,"Somalia, Fed. Rep.",2012,369.617204753489
SOM,"Somalia, Fed. Rep.",2011,349.577449077711
SOM,"Somalia, Fed. Rep.",2010,329.970504936872
SOM,"Somalia, Fed. Rep.",2009,317.038184814662
SOM,"Somalia, Fed. Rep.",2008,304.741448811237
SOM,"Somalia, Fed. Rep.",2007,294.210404466601
SOM,"Somalia, Fed. Rep.",2006,284.47078986532
SOM,"Somalia, Fed. Rep.",2005,275.457040797983
SOM,"Somalia, Fed. Rep.",2004,266.257271856551
ZAF,South Africa,2024,5715.47531469148
ZAF,South Africa,2023,5756.55049453121
ZAF,South Africa,2022,5786.86505344736
ZAF,South Africa,2021,5750.90937479584
ZAF,South Africa,2020,5569.58483319272
ZAF,South Africa,2019,6032.82972598668
ZAF,South Africa,2018,6117.2701406047
ZAF,South Africa,2017,6125.6920507497
ZAF,South Africa,2016,6095.295060428
ZAF,South Africa,2015,6112.27382485974
ZAF,South Africa,2014,6155.00589462516
ZAF,South Africa,2013,6170.87670863373
ZAF,South Africa,2012,6121.55783860713
ZAF,South Africa,2011,6067.12482726885
ZAF,South Africa,2010,5953.94506512821
ZAF,South Africa,2009,5847.05811084505
ZAF,South Africa,2008,6009.71963138635
ZAF,South Africa,2007,5891.42069421698
ZAF,South Africa,2006,5650.9883176549
ZAF,South Africa,2005,5406.07581377638
ZAF,South Africa,2004,5187.35683424034
SSD,South Sudan,2024,
SSD,South Sudan,2023,
SSD,South Sudan,2022,
SSD,South Sudan,2021,
SSD,South Sudan,2020,
SSD,South Sudan,2019,
SSD,South Sudan,2018,
SSD,South Sudan,2017,
SSD,South Sudan,2016,
SSD,South Sudan,2015,1080.14718624765
SSD,South Sudan,2014,1197.09491969479
SSD,South Sudan,2013,1165.16202707495
SSD,South Sudan,2012,1069.19619080938
SSD,South Sudan,2011,2073.23981819145
SSD,South Sudan,2010,2295.07026096006
SSD,South Sudan,2009,2293.80166888543
SSD,South Sudan,2008,2289.18415375563
SSD,South Sudan,2007,
SSD,South Sudan,2006,
SSD,South Sudan,2005,
SSD,South Sudan,2004,
ESP,Spain,2024,29245.2192451729
ESP,Spain,2023,28558.6319817501
ESP,Spain,2022,28203.1093419474
ESP,Spain,2021,26705.3629138959
ESP,Spain,2020,25077.019882928
ESP,Spain,2019,28301.4393949563
ESP,Spain,2018,27956.7225466484
ESP,Spain,2017,27426.281015093
ESP,Spain,2016,26719.2442268615
ESP,Spain,2015,25982.4416197775
ESP,Spain,2014,24947.8512505913
ESP,Spain,2013,24498.5559507945
ESP,Spain,2012,24763.568274484
ESP,Spain,2011,25510.5579678829
ESP,Spain,2010,25766.2515825743
ESP,Spain,2009,25860.8142592652
ESP,Spain,2008,27112.526293889
ESP,Spain,2007,27338.79541774
ESP,Spain,2006,26899.0921497113
ESP,Spain,2005,26294.447384391
ESP,Spain,2004,25825.3106463315
LKA,Sri Lanka,2024,4198.74513727898
LKA,Sri Lanka,2023,3977.13564995085
LKA,Sri Lanka,2022,4033.14560306744
LKA,Sri Lanka,2021,4357.97224978578
LKA,Sri Lanka,2020,4227.23314530167
LKA,Sri Lanka,2019,4455.78188788143
LKA,Sri Lanka,2018,4493.03574617534
LKA,Sri Lanka,2017,4436.00789131029
LKA,Sri Lanka,2016,4214.74117217382
LKA,Sri Lanka,2015,4057.71582716521
LKA,Sri Lanka,2014,3929.92061307909
LKA,Sri Lanka,2013,3728.93585962083
LKA,Sri Lanka,2012,3484.79048392653
LKA,Sri Lanka,2011,3232.37349786435
LKA,Sri Lanka,2010,2993.01410960302
LKA,Sri Lanka,2009,2787.27350463737
LKA,Sri Lanka,2008,2708.58593724377
LKA,Sri Lanka,2007,2573.54361719411
LKA,Sri Lanka,2006,2426.34872826822
LKA,Sri Lanka,2005,2268.6880085282
LKA,Sri Lanka,2004,2149.10628192765
KNA,St. Kitts and Nevis,2024,21692.2406392872
KNA,St. Kitts and Nevis,2023,21664.0333984701
KNA,St. Kitts and Nevis,2022,21050.758653729
KNA,St. Kitts and Nevis,2021,19031.8211910603
KNA,St. Kitts and Nevis,2020,18918.8263456611
KNA,St. Kitts and Nevis,2019,22297.7644995701
KNA,St. Kitts and Nevis,2018,21635.4972146482
KNA,St. Kitts and Nevis,2017,21191.6047083703
KNA,St. Kitts and Nevis,2016,21133.6575914414
KNA,St. Kitts and Nevis,2015,20328.8003530109
KNA,St. Kitts and Nevis,2014,20187.8061975481
KNA,St. Kitts and Nevis,2013,18773.8926898397
KNA,St. Kitts and Nevis,2012,17770.4963640576
KNA,St. Kitts and Nevis,2011,17958.6813977053
KNA,St. Kitts and Nevis,2010,17688.0690103409
KNA,St. Kitts and Nevis,2009,17671.2547069735
KNA,St. Kitts and Nevis,2008,18325.7612670282
KNA,St. Kitts and Nevis,2007,16508.1437081315
KNA,St. Kitts and Nevis,2006,16457.8622372067
KNA,St. Kitts and Nevis,2005,16000.5658929826
KNA,St. Kitts and Nevis,2004,14619.795111247
LCA,St. Lucia,2024,12190.7970890156
LCA,St. Lucia,2023,11665.6826047818
LCA,St. Lucia,2022,11258.6110790564
LCA,St. Lucia,2021,9447.30059244639
LCA,St. Lucia,2020,8512.8183987353
LCA,St. Lucia,2019,11077.9479823807
LCA,St. Lucia,2018,11233.8883578457
LCA,St. Lucia,2017,10960.4843512477
LCA,St. Lucia,2016,10644.1612913407
LCA,St. Lucia,2015,10334.9860823918
LCA,St. Lucia,2014,10369.9382566513
LCA,St. Lucia,2013,10279.4155096001
LCA,St. Lucia,2012,10517.2777635533
LCA,St. Lucia,2011,10576.8979743596
LCA,St. Lucia,2010,10191.3146827694
LCA,St. Lucia,2009,10219.8024011561
LCA,St. Lucia,2008,10583.4310172598
LCA,St. Lucia,2007,10147.4432459936
LCA,St. Lucia,2006,10045.6504032593
LCA,St. Lucia,2005,9527.58469430542
LCA,St. Lucia,2004,9637.37801390276
MAF,St. Martin (French part),2024,
MAF,St. Martin (French part),2023,
MAF,St. Martin (French part),2022,
MAF,St. Martin (French part),2021,
MAF,St. Martin (French part),2020,
MAF,St. Martin (French part),2019,
MAF,St. Martin (French part),2018,
MAF,St. Martin (French part),2017,
MAF,St. Martin (French part),2016,
MAF,St. Martin (French part),2015,
MAF,St. Martin (French part),2014,
MAF,St. Martin (French part),2013,
MAF,St. Martin (French part),2012,
MAF,St. Martin (French part),2011,
MAF,St. Martin (French part),2010,
MAF,St. Martin (French part),2009,
MAF,St. Martin (French part),2008,
MAF,St. Martin (French part),2007,
MAF,St. Martin (French part),2006,
MAF,St. Martin (French part),2005,
MAF,St. Martin (French part),2004,
VCT,St. Vincent and the Grenadines,2024,9485.18771201686
VCT,St. Vincent and the Grenadines,2023,9051.35208011007
VCT,St. Vincent and the Grenadines,2022,8532.7381341339
VCT,St. Vincent and the Grenadines,2021,8211.33588012942
VCT,St. Vincent and the Grenadines,2020,7989.74651933597
VCT,St. Vincent and the Grenadines,2019,8294.67434486665
VCT,St. Vincent and the Grenadines,2018,8179.99598957084
VCT,St. Vincent and the Grenadines,2017,7872.92690537077
VCT,St. Vincent and the Grenadines,2016,7702.8942635647
VCT,St. Vincent and the Grenadines,2015,7353.73556054184
VCT,St. Vincent and the Grenadines,2014,7116.22071347207
VCT,St. Vincent and the Grenadines,2013,6996.57386151332
VCT,St. Vincent and the Grenadines,2012,6790.68325958275
VCT,St. Vincent and the Grenadines,2011,6674.58198966102
VCT,St. Vincent and the Grenadines,2010,6678.04200697308
VCT,St. Vincent and the Grenadines,2009,6955.82358345268
VCT,St. Vincent and the Grenadines,2008,7019.9950843874
VCT,St. Vincent and the Grenadines,2007,6960.17151500732
VCT,St. Vincent and the Grenadines,2006,6707.27875985734
VCT,St. Vincent and the Grenadines,2005,6244.35953746008
VCT,St. Vincent and the Grenadines,2004,6071.94945269221
SDN,Sudan,2024,578.38916015625
SDN,Sudan,2023,677.723205566406
SDN,Sudan,2022,973.225280761719
SDN,Sudan,2021,1009.54888916016
SDN,Sudan,2020,1056.86474609375
SDN,Sudan,2019,1126.55297851563
SDN,Sudan,2018,1185.94445800781
SDN,Sudan,2017,1261.87353515625
SDN,Sudan,2016,1297.15454101563
SDN,Sudan,2015,1292.37963867188
SDN,Sudan,2014,1307.3896484375
SDN,Sudan,2013,1283.45922851563
SDN,Sudan,2012,1288.25854492188
SDN,Sudan,2011,1388.21813964844
SDN,Sudan,2010,1311.22314453125
SDN,Sudan,2009,1301.34729003906
SDN,Sudan,2008,1381.62561035156
SDN,Sudan,2007,1372.10961914063
SDN,Sudan,2006,1336.1240234375
SDN,Sudan,2005,1290.24438476563
SDN,Sudan,2004,1255.67114257813
SUR,Suriname,2024,7246.25768221495
SUR,Suriname,2023,7186.47308144145
SUR,Suriname,2022,7081.33357325783
SUR,Suriname,2021,6973.89941868115
SUR,Suriname,2020,7213.10766669943
SUR,Suriname,2019,8677.30522021731
SUR,Suriname,2018,8666.64870697797
SUR,Suriname,2017,8338.69235401862
SUR,Suriname,2016,8293.31553031406
SUR,Suriname,2015,8813.61705392067
SUR,Suriname,2014,9224.24378410547
SUR,Suriname,2013,9303.46008775809
SUR,Suriname,2012,9140.92898611536
SUR,Suriname,2011,9003.28597674886
SUR,Suriname,2010,8603.90786745855
SUR,Suriname,2009,8276.69079768793
SUR,Suriname,2008,8129.11464659446
SUR,Suriname,2007,7897.25648915828
SUR,Suriname,2006,7599.35696921481
SUR,Suriname,2005,7261.8171350196
SUR,Suriname,2004,7021.98919924338
SWE,Sweden,2024,54316.2619329718
SWE,Sweden,2023,53937.7967122429
SWE,Sweden,2022,54304.1877501033
SWE,Sweden,2021,53997.1337068799
SWE,Sweden,2020,51624.5811789573
SWE,Sweden,2019,53024.4099494317
SWE,Sweden,2018,52203.0872589761
SWE,Sweden,2017,51894.3748177808
SWE,Sweden,2016,51626.3235312369
SWE,Sweden,2015,51188.1652120493
SWE,Sweden,2014,49557.6183647959
SWE,Sweden,2013,48928.4994141291
SWE,Sweden,2012,48789.7906883637
SWE,Sweden,2011,49356.5905257047
SWE,Sweden,2010,48205.5492512742
SWE,Sweden,2009,45974.3911151254
SWE,Sweden,2008,48428.6587081751
SWE,Sweden,2007,49262.152916545
SWE,Sweden,2006,48078.3520110084
SWE,Sweden,2005,46189.6828420555
SWE,Sweden,2004,45114.6701230708
CHE,Switzerland,2024,93018.3768706697
CHE,Switzerland,2023,92947.9424441568
CHE,Switzerland,2022,93360.440112464
CHE,Switzerland,2021,90924.9256769825
CHE,Switzerland,2020,86293.9183441155
CHE,Switzerland,2019,88932.4119306425
CHE,Switzerland,2018,88581.0826935584
CHE,Switzerland,2017,86362.360972862
CHE,Switzerland,2016,85951.2234148345
CHE,Switzerland,2015,85265.06205193
CHE,Switzerland,2014,85004.8134534
CHE,Switzerland,2013,83914.0245080812
CHE,Switzerland,2012,83354.0207485188
CHE,Switzerland,2011,83307.3180998465
CHE,Switzerland,2010,83069.4276373455
CHE,Switzerland,2009,81288.642957612
CHE,Switzerland,2008,83934.7657221246
CHE,Switzerland,2007,82909.1358291459
CHE,Switzerland,2006,80448.9696781612
CHE,Switzerland,2005,77741.3436104704
CHE,Switzerland,2004,75997.4453154761
SYR,Syrian Arab Republic,2024,
SYR,Syrian Arab Republic,2023,
SYR,Syrian Arab Republic,2022,716.943843933856
SYR,Syrian Arab Republic,2021,746.077458768389
SYR,Syrian Arab Republic,2020,753.135305709477
SYR,Syrian Arab Republic,2019,771.517948289192
SYR,Syrian Arab Republic,2018,792.412864720441
SYR,Syrian Arab Republic,2017,795.881817153216
SYR,Syrian Arab Republic,2016,802.968607901263
SYR,Syrian Arab Republic,2015,847.731545352582
SYR,Syrian Arab Republic,2014,847.658909813856
SYR,Syrian Arab Republic,2013,884.328816905262
SYR,Syrian Arab Republic,2012,1142.29215064994
SYR,Syrian Arab Republic,2011,1542.71903961106
SYR,Syrian Arab Republic,2010,1526.36518590261
SYR,Syrian Arab Republic,2009,1484.40718049155
SYR,Syrian Arab Republic,2008,1423.59407304833
SYR,Syrian Arab Republic,2007,1411.68909698729
SYR,Syrian Arab Republic,2006,1420.72014052107
SYR,Syrian Arab Republic,2005,1411.6316668592
SYR,Syrian Arab Republic,2004,1363.6138135409
TJK,Tajikistan,2024,1496.33813395037
TJK,Tajikistan,2023,1407.1075436221
TJK,Tajikistan,2022,1325.75545290849
TJK,Tajikistan,2021,1254.06999592306
TJK,Tajikistan,2020,1171.90127480359
TJK,Tajikistan,2019,1148.34676712493
TJK,Tajikistan,2018,1094.8002018221
TJK,Tajikistan,2017,1042.26391757642
TJK,Tajikistan,2016,997.352614556708
TJK,Tajikistan,2015,956.916310930656
TJK,Tajikistan,2014,925.970961482804
TJK,Tajikistan,2013,889.882383099979
TJK,Tajikistan,2012,849.519080831738
TJK,Tajikistan,2011,809.368229154093
TJK,Tajikistan,2010,770.604105393791
TJK,Tajikistan,2009,739.212878526331
TJK,Tajikistan,2008,726.185491338269
TJK,Tajikistan,2007,686.48090192413
TJK,Tajikistan,2006,649.163328755334
TJK,Tajikistan,2005,618.333702588577
TJK,Tajikistan,2004,590.957111385699
TZA,Tanzania,2024,1120.77416992188
TZA,Tanzania,2023,1092.86413574219
TZA,Tanzania,2022,1070.58532714844
TZA,Tanzania,2021,1054.31726074219
TZA,Tanzania,2020,1041.25964355469
TZA,Tanzania,2019,1051.7666015625
TZA,Tanzania,2018,1024.01525878906
TZA,Tanzania,2017,1001.55895996094
TZA,Tanzania,2016,970.156127929688
TZA,Tanzania,2015,939.127319335938
TZA,Tanzania,2014,913.811218261719
TZA,Tanzania,2013,882.8115234375
TZA,Tanzania,2012,851.910705566406
TZA,Tanzania,2011,838.999267578125
TZA,Tanzania,2010,801.29931640625
TZA,Tanzania,2009,772.929565429688
TZA,Tanzania,2008,752.540466308594
TZA,Tanzania,2007,731.52001953125
TZA,Tanzania,2006,704.502746582031
TZA,Tanzania,2005,680.051208496094
TZA,Tanzania,2004,650.516540527344
THA,Thailand,2024,6616.58539335928
THA,Thailand,2023,6423.99101164149
THA,Thailand,2022,6279.82250415973
THA,Thailand,2021,6119.11018526099
THA,Thailand,2020,6032.42244606793
THA,Thailand,2019,6434.53770518034
THA,Thailand,2018,6314.19948412043
THA,Thailand,2017,6076.74307700082
THA,Thailand,2016,5857.78052935926
THA,Thailand,2015,5688.85335397884
THA,Thailand,2014,5541.46599361845
THA,Thailand,2013,5516.61164164135
THA,Thailand,2012,5403.87846036273
THA,Thailand,2011,5070.23740191942
THA,Thailand,2010,5059.35747831657
THA,Thailand,2009,4737.45679763314
THA,Thailand,2008,4805.76393990836
THA,Thailand,2007,4760.66708464831
THA,Thailand,2006,4551.5250018314
THA,Thailand,2005,4372.25730206261
THA,Thailand,2004,4232.77157261934
TLS,Timor-Leste,2024,1149.21889002201
TLS,Timor-Leste,2023,1279.2112241611
TLS,Timor-Leste,2022,1579.71084680858
TLS,Timor-Leste,2021,2015.82039246197
TLS,Timor-Leste,2020,1947.83997138866
TLS,Timor-Leste,2019,1507.24748294374
TLS,Timor-Leste,2018,1237.20064730412
TLS,Timor-Leste,2017,1267.08660142883
TLS,Timor-Leste,2016,1333.6585468432
TLS,Timor-Leste,2015,1319.59297370991
TLS,Timor-Leste,2014,1312.96494079465
TLS,Timor-Leste,2013,1281.92864092574
TLS,Timor-Leste,2012,1269.41629276068
TLS,Timor-Leste,2011,1237.48383284275
TLS,Timor-Leste,2010,1195.38067803197
TLS,Timor-Leste,2009,1120.09698448398
TLS,Timor-Leste,2008,1042.86835443002
TLS,Timor-Leste,2007,961.848462090269
TLS,Timor-Leste,2006,897.573763670928
TLS,Timor-Leste,2005,964.026614173558
TLS,Timor-Leste,2004,955.470548287377
TGO,Togo,2024,1053.81653764697
TGO,Togo,2023,1011.2308927823
TGO,Togo,2022,970.535975822983
TGO,Togo,2021,928.301087692897
TGO,Togo,2020,899.748802355348
TGO,Togo,2019,900.166602437871
TGO,Togo,2018,876.562800915869
TGO,Togo,2017,851.735728621337
TGO,Togo,2016,832.959515987733
TGO,Togo,2015,813.894676975085
TGO,Togo,2014,786.587399651446
TGO,Togo,2013,759.841612443554
TGO,Togo,2012,733.683602929868
TGO,Togo,2011,706.442158827353
TGO,Togo,2010,686.014185396121
TGO,Togo,2009,668.669623161752
TGO,Togo,2008,654.896723036341
TGO,Togo,2007,650.046681355874
TGO,Togo,2006,678.890227390526
TGO,Togo,2005,680.485159475257
TGO,Togo,2004,731.610797958447
TON,Tonga,2024,4779.92399898557
TON,Tonga,2023,4680.30010664357
TON,Tonga,2022,4533.96809820124
TON,Tonga,2021,4612.90086913298
TON,Tonga,2020,4647.0077529158
TON,Tonga,2019,4566.07508700721
TON,Tonga,2018,4583.55968565688
TON,Tonga,2017,4568.62484962494
TON,Tonga,2016,4419.8147470039
TON,Tonga,2015,4123.90347238813
TON,Tonga,2014,4058.81584447473
TON,Tonga,2013,3962.16980948788
TON,Tonga,2012,3932.59367180675
TON,Tonga,2011,3892.76807750666
TON,Tonga,2010,3653.97817265087
TON,Tonga,2009,3630.76096995072
TON,Tonga,2008,3833.60169058266
TON,Tonga,2007,3665.89549972281
TON,Tonga,2006,3775.24848570829
TON,Tonga,2005,3880.07054158497
TON,Tonga,2004,3928.06030724493
TTO,Trinidad and Tobago,2024,16312.4849555716
TTO,Trinidad and Tobago,2023,15922.7668349788
TTO,Trinidad and Tobago,2022,15712.230497272
TTO,Trinidad and Tobago,2021,15558.0940536829
TTO,Trinidad and Tobago,2020,15679.9611486825
TTO,Trinidad and Tobago,2019,17225.361633712
TTO,Trinidad and Tobago,2018,17205.615135339
TTO,Trinidad and Tobago,2017,17402.6155328454
TTO,Trinidad and Tobago,2016,18331.034459758
TTO,Trinidad and Tobago,2015,19887.2327716498
TTO,Trinidad and Tobago,2014,20032.5402001718
TTO,Trinidad and Tobago,2013,19392.1974593783
TTO,Trinidad and Tobago,2012,18835.6674122954
TTO,Trinidad and Tobago,2011,17746.509252615
TTO,Trinidad and Tobago,2010,17938.0949459463
TTO,Trinidad and Tobago,2009,17461.9640940055
TTO,Trinidad and Tobago,2008,18285.2735441992
TTO,Trinidad and Tobago,2007,17758.6995224652
TTO,Trinidad and Tobago,2006,17021.2241679562
TTO,Trinidad and Tobago,2005,15075.4179709902
TTO,Trinidad and Tobago,2004,13657.2534995604
TUN,Tunisia,2024,4006.20588267443
TUN,Tunisia,2023,3967.33387634534
TUN,Tunisia,2022,3986.54558325666
TUN,Tunisia,2021,3902.53322990199
TUN,Tunisia,2020,3749.26841452928
TUN,Tunisia,2019,4153.27978615515
TUN,Tunisia,2018,4127.97005697994
TUN,Tunisia,2017,4062.80606534519
TUN,Tunisia,2016,4015.28893802703
TUN,Tunisia,2015,4014.94773686432
TUN,Tunisia,2014,4021.59954703591
TUN,Tunisia,2013,3947.58763533174
TUN,Tunisia,2012,3900.04620132702
TUN,Tunisia,2011,3784.7412903401
TUN,Tunisia,2010,3906.90625867605
TUN,Tunisia,2009,3835.25011939301
TUN,Tunisia,2008,3760.11828478704
TUN,Tunisia,2007,3642.11977444786
TUN,Tunisia,2006,3444.5513526091
TUN,Tunisia,2005,3301.93817216029
TUN,Tunisia,2004,3218.72320748457
TUR,Turkiye,2024,15395.0278894893
TUR,Turkiye,2023,14932.8851363122
TUR,Turkiye,2022,14273.5747654873
TUR,Turkiye,2021,13670.938029516
TUR,Turkiye,2020,12338.643833135
TUR,Turkiye,2019,12238.2950220128
TUR,Turkiye,2018,12255.0082146169
TUR,Turkiye,2017,12005.6459824832
TUR,Turkiye,2016,11279.6169531569
TUR,Turkiye,2015,11064.6494504662
TUR,Turkiye,2014,10597.9801881716
TUR,Turkiye,2013,10269.4489140773
TUR,Turkiye,2012,9588.32066531438
TUR,Turkiye,2011,9265.85910238578
TUR,Turkiye,2010,8472.57809050119
TUR,Turkiye,2009,7925.30110421185
TUR,Turkiye,2008,8447.93976396947
TUR,Turkiye,2007,8477.53328393352
TUR,Turkiye,2006,8078.5153787571
TUR,Turkiye,2005,7623.14640948457
TUR,Turkiye,2004,7061.62219794984
TKM,Turkmenistan,2024,8229.67261114232
TKM,Turkmenistan,2023,7879.96559789716
TKM,Turkmenistan,2022,7549.25301930356
TKM,Turkmenistan,2021,7244.61385880341
TKM,Turkmenistan,2020,6964.38162887016
TKM,Turkmenistan,2019,6719.32320157703
TKM,Turkmenistan,2018,6460.13015920839
TKM,Turkmenistan,2017,6221.41962759021
TKM,Turkmenistan,2016,5979.47627661058
TKM,Turkmenistan,2015,5759.497903834
TKM,Turkmenistan,2014,5535.50161297771
TKM,Turkmenistan,2013,5131.14087328544
TKM,Turkmenistan,2012,4762.66047536389
TKM,Turkmenistan,2011,4383.14380872567
TKM,Turkmenistan,2010,3902.54200118683
TKM,Turkmenistan,2009,3647.67813083756
TKM,Turkmenistan,2008,3506.50453694834
TKM,Turkmenistan,2007,3115.9792751828
TKM,Turkmenistan,2006,2858.53224143565
TKM,Turkmenistan,2005,2624.2315668841
TKM,Turkmenistan,2004,2365.72190264503
TCA,Turks and Caicos Islands,2024,57179.29601876
TCA,Turks and Caicos Islands,2023,54523.0330927151
TCA,Turks and Caicos Islands,2022,48307.3079245499
TCA,Turks and Caicos Islands,2021,42907.7492465912
TCA,Turks and Caicos Islands,2020,33739.4253991739
TCA,Turks and Caicos Islands,2019,52419.8862128617
TCA,Turks and Caicos Islands,2018,51863.1830309332
TCA,Turks and Caicos Islands,2017,50586.1032335151
TCA,Turks and Caicos Islands,2016,30183.0002949881
TCA,Turks and Caicos Islands,2015,29457.0140691162
TCA,Turks and Caicos Islands,2014,27636.8210228067
TCA,Turks and Caicos Islands,2013,26477.5410719582
TCA,Turks and Caicos Islands,2012,27441.3335987017
TCA,Turks and Caicos Islands,2011,29363.9475927366
TCA,Turks and Caicos Islands,2010,29111.8729223189
TCA,Turks and Caicos Islands,2009,29988.5997375172
TCA,Turks and Caicos Islands,2008,38854.1075698814
TCA,Turks and Caicos Islands,2007,37466.1822614725
TCA,Turks and Caicos Islands,2006,
TCA,Turks and Caicos Islands,2005,
TCA,Turks and Caicos Islands,2004,
TUV,Tuvalu,2024,4382.8876648687
TUV,Tuvalu,2023,4165.7693870564
TUV,Tuvalu,2022,3953.66795349958
TUV,Tuvalu,2021,4351.24068896314
TUV,Tuvalu,2020,4265.46279289261
TUV,Tuvalu,2019,4323.09703196938
TUV,Tuvalu,2018,3750.43562817208
TUV,Tuvalu,2017,3658.98029250415
TUV,Tuvalu,2016,3523.41345550387
TUV,Tuvalu,2015,3352.66722400181
TUV,Tuvalu,2014,3059.3244224989
TUV,Tuvalu,2013,3004.5049231989
TUV,Tuvalu,2012,2912.10912265748
TUV,Tuvalu,2011,3040.4474312404
TUV,Tuvalu,2010,2872.02011343345
TUV,Tuvalu,2009,2987.77161613649
TUV,Tuvalu,2008,3208.62150790145
TUV,Tuvalu,2007,3051.64998981595
TUV,Tuvalu,2006,2890.2979042629
TUV,Tuvalu,2005,2886.47360709377
TUV,Tuvalu,2004,3036.7117312686
UGA,Uganda,2024,986.090145363924
UGA,Uganda,2023,955.745797275462
UGA,Uganda,2022,933.094056370423
UGA,Uganda,2021,919.401675217265
UGA,Uganda,2020,917.0350317644
UGA,Uganda,2019,920.939101515671
UGA,Uganda,2018,895.07512785438
UGA,Uganda,2017,871.093880017151
UGA,Uganda,2016,874.648370639216
UGA,Uganda,2015,862.934610355811
UGA,Uganda,2014,845.978664791099
UGA,Uganda,2013,828.988669729986
UGA,Uganda,2012,823.580468285493
UGA,Uganda,2011,816.516366587228
UGA,Uganda,2010,768.624091660131
UGA,Uganda,2009,749.342865535423
UGA,Uganda,2008,722.565167003452
UGA,Uganda,2007,684.542241787248
UGA,Uganda,2006,650.270540867444
UGA,Uganda,2005,604.404813057618
UGA,Uganda,2004,585.339489080616
UKR,Ukraine,2024,2226.05810546875
UKR,Ukraine,2023,2164.26123046875
UKR,Ukraine,2022,1874.66296386719
UKR,Ukraine,2021,2426.6123046875
UKR,Ukraine,2020,2324.107421875
UKR,Ukraine,2019,2398.07836914063
UKR,Ukraine,2018,2308.6669921875
UKR,Ukraine,2017,2217.7529296875
UKR,Ukraine,2016,2156.0830078125
UKR,Ukraine,2015,2094.47387695313
UKR,Ukraine,2014,2308.6435546875
UKR,Ukraine,2013,2432.41625976563
UKR,Ukraine,2012,2426.92944335938
UKR,Ukraine,2011,2418.12084960938
UKR,Ukraine,2010,2285.93383789063
UKR,Ukraine,2009,2188.17016601563
UKR,Ukraine,2008,2567.69409179688
UKR,Ukraine,2007,2498.35205078125
UKR,Ukraine,2006,2298.13232421875
UKR,Ukraine,2005,2122.6015625
UKR,Ukraine,2004,2042.44494628906
ARE,United Arab Emirates,2024,41605.4138706908
ARE,United Arab Emirates,2023,41926.5773498407
ARE,United Arab Emirates,2022,41828.5686923546
ARE,United Arab Emirates,2021,40935.8915482084
ARE,United Arab Emirates,2020,39878.4663896389
ARE,United Arab Emirates,2019,43468.4534705013
ARE,United Arab Emirates,2018,43377.802601486
ARE,United Arab Emirates,2017,43293.0202360765
ARE,United Arab Emirates,2016,45168.4955973912
ARE,United Arab Emirates,2015,44910.3458860776
ARE,United Arab Emirates,2014,44257.6652085451
ARE,United Arab Emirates,2013,44312.6320463505
ARE,United Arab Emirates,2012,43958.5779670713
ARE,United Arab Emirates,2011,43687.7919424546
ARE,United Arab Emirates,2010,42328.84668186
ARE,United Arab Emirates,2009,42672.1946222627
ARE,United Arab Emirates,2008,47922.6941430472
ARE,United Arab Emirates,2007,52038.6229393122
ARE,United Arab Emirates,2006,56629.9713117545
ARE,United Arab Emirates,2005,55363.5818196998
ARE,United Arab Emirates,2004,55611.4376344125
GBR,United Kingdom,2024,47900.9680144146
GBR,United Kingdom,2023,47911.1540134832
GBR,United Kingdom,2022,48410.095170282
GBR,United Kingdom,2021,46491.5068836685
GBR,United Kingdom,2020,42985.0392148248
GBR,United Kingdom,2019,47866.9140354078
GBR,United Kingdom,2018,47516.2099770322
GBR,United Kingdom,2017,47019.4510419999
GBR,United Kingdom,2016,45888.7099614563
GBR,United Kingdom,2015,45256.040227057
GBR,United Kingdom,2014,44628.5724578217
GBR,United Kingdom,2013,43585.8731772281
GBR,United Kingdom,2012,43136.7006795996
GBR,United Kingdom,2011,42791.0934313474
GBR,United Kingdom,2010,42762.720840223
GBR,United Kingdom,2009,42146.5095879962
GBR,United Kingdom,2008,44508.2874631479
GBR,United Kingdom,2007,44882.141312304
GBR,United Kingdom,2006,43944.9985799069
GBR,United Kingdom,2005,43320.5628684438
GBR,United Kingdom,2004,42434.8209023638
USA,United States,2024,66856.5131698371
USA,United States,2023,65667.281580468
USA,United States,2022,64322.2332819139
USA,United States,2021,63096.7856149746
USA,United States,2020,59533.609024416
USA,United States,2019,61047.9648238812
USA,United States,2018,59817.6556798612
USA,United States,2017,58435.9707535619
USA,United States,2016,57430.8499298804
USA,United States,2015,56849.4697923159
USA,United States,2014,55665.2411187802
USA,United States,2013,54728.860179812
USA,United States,2012,54000.8410778217
USA,United States,2011,53215.5362314388
USA,United States,2010,52812.6829869279
USA,United States,2009,51863.6183416558
USA,United States,2008,53703.962897927
USA,United States,2007,54152.8292673551
USA,United States,2006,53596.315236412
USA,United States,2005,52649.5713060461
USA,United States,2004,51348.3473386025
URY,Uruguay,2024,19024.1204266155
URY,Uruguay,2023,18403.6753125157
URY,Uruguay,2022,18249.2912168828
URY,Uruguay,2021,17416.0052308469
URY,Uruguay,2020,16443.363490131
URY,Uruguay,2019,17758.4384273402
URY,Uruguay,2018,17608.94412947
URY,Uruguay,2017,17611.6036800874
URY,Uruguay,2016,17357.2349992841
URY,Uruguay,2015,17125.9016800298
URY,Uruguay,2014,17122.0364563225
URY,Uruguay,2013,16639.4054750651
URY,Uruguay,2012,15949.3176985435
URY,Uruguay,2011,15443.9961926395
URY,Uruguay,2010,14722.3780081191
URY,Uruguay,2009,13691.71420689
URY,Uruguay,2008,13165.83628166
URY,Uruguay,2007,12310.482735502
URY,Uruguay,2006,11574.470540231
URY,Uruguay,2005,11131.3984890038
URY,Uruguay,2004,10366.9067382871
UZB,Uzbekistan,2024,4477.90745486742
UZB,Uzbekistan,2023,4281.20542121225
UZB,Uzbekistan,2022,4109.08421031655
UZB,Uzbekistan,2021,3951.99657327359
UZB,Uzbekistan,2020,3723.82133264406
UZB,Uzbekistan,2019,3733.50435754861
UZB,Uzbekistan,2018,3559.85436594803
UZB,Uzbekistan,2017,3425.78819696408
UZB,Uzbekistan,2016,3327.90932206401
UZB,Uzbekistan,2015,3172.89899391083
UZB,Uzbekistan,2014,2990.56339751192
UZB,Uzbekistan,2013,2823.00205379328
UZB,Uzbekistan,2012,2657.09909084172
UZB,Uzbekistan,2011,2512.68783806993
UZB,Uzbekistan,2010,2359.64199067641
UZB,Uzbekistan,2009,2228.0552685669
UZB,Uzbekistan,2008,2095.38214534409
UZB,Uzbekistan,2007,1951.57878907892
UZB,Uzbekistan,2006,1807.87328626177
UZB,Uzbekistan,2005,1704.33893207214
UZB,Uzbekistan,2004,1613.64273882937
VUT,Vanuatu,2024,3223.85237984109
VUT,Vanuatu,2023,3178.3031116212
VUT,Vanuatu,2022,3073.86062658113
VUT,Vanuatu,2021,2979.39062838967
VUT,Vanuatu,2020,3085.16558189305
VUT,Vanuatu,2019,3349.5593410421
VUT,Vanuatu,2018,3319.75630455318
VUT,Vanuatu,2017,3316.81034596861
VUT,Vanuatu,2016,3257.49719984988
VUT,Vanuatu,2015,3214.41948587141
VUT,Vanuatu,2014,3175.63375342175
VUT,Vanuatu,2013,3149.6849727764
VUT,Vanuatu,2012,3205.68705963169
VUT,Vanuatu,2011,3244.13703026186
VUT,Vanuatu,2010,3214.3726213639
VUT,Vanuatu,2009,3249.66193798709
VUT,Vanuatu,2008,3234.97623699324
VUT,Vanuatu,2007,3141.20026364818
VUT,Vanuatu,2006,3129.08540327369
VUT,Vanuatu,2005,2955.66861124127
VUT,Vanuatu,2004,2875.65032353901
VEN,"Venezuela, RB",2024,1501.22207949327
VEN,"Venezuela, RB",2023,1427.88655943805
VEN,"Venezuela, RB",2022,1376.93801227125
VEN,"Venezuela, RB",2021,1272.94397516527
VEN,"Venezuela, RB",2020,1255.86457068119
VEN,"Venezuela, RB",2019,1759.05547364548
VEN,"Venezuela, RB",2018,2359.38238345005
VEN,"Venezuela, RB",2017,2863.33227846365
VEN,"Venezuela, RB",2016,3374.43091608185
VEN,"Venezuela, RB",2015,4096.61989137473
VEN,"Venezuela, RB",2014,4412.9795921313
VEN,"Venezuela, RB",2013,4642.55149314778
VEN,"Venezuela, RB",2012,4638.41209800487
VEN,"Venezuela, RB",2011,4444.55159079494
VEN,"Venezuela, RB",2010,4323.73301534677
VEN,"Venezuela, RB",2009,4451.37446074164
VEN,"Venezuela, RB",2008,4655.65136715099
VEN,"Venezuela, RB",2007,4489.56571662594
VEN,"Venezuela, RB",2006,4190.56607050126
VEN,"Venezuela, RB",2005,3875.81409628464
VEN,"Venezuela, RB",2004,3576.82370624267
VNM,Viet Nam,2024,4012.50779921084
VNM,Viet Nam,2023,3772.36029116103
VNM,Viet Nam,2022,3617.66311280437
VNM,Viet Nam,2021,3358.21734764714
VNM,Viet Nam,2020,3303.16949807493
VNM,Viet Nam,2019,3241.07648966529
VNM,Viet Nam,2018,3048.28327602145
VNM,Viet Nam,2017,2868.13680013379
VNM,Viet Nam,2016,2715.57887431272
VNM,Viet Nam,2015,2577.56885340113
VNM,Viet Nam,2014,2439.28655744423
VNM,Viet Nam,2013,2320.08431444934
VNM,Viet Nam,2012,2224.11404253256
VNM,Viet Nam,2011,2132.90453762087
VNM,Viet Nam,2010,2027.58184375924
VNM,Viet Nam,2009,1927.13427057454
VNM,Viet Nam,2008,1856.00519883979
VNM,Viet Nam,2007,1788.9485028957
VNM,Viet Nam,2006,1699.67620343393
VNM,Viet Nam,2005,1609.96268313651
VNM,Viet Nam,2004,1510.94449049599
VIR,Virgin Islands (U.S.),2024,
VIR,Virgin Islands (U.S.),2023,
VIR,Virgin Islands (U.S.),2022,36983.431060272
VIR,Virgin Islands (U.S.),2021,37313.0484931531
VIR,Virgin Islands (U.S.),2020,35850.7433148653
VIR,Virgin Islands (U.S.),2019,36309.7438446842
VIR,Virgin Islands (U.S.),2018,35174.1019944986
VIR,Virgin Islands (U.S.),2017,34435.4944455756
VIR,Virgin Islands (U.S.),2016,34614.7482633247
VIR,Virgin Islands (U.S.),2015,34007.3529411765
VIR,Virgin Islands (U.S.),2014,34098.7109972738
VIR,Virgin Islands (U.S.),2013,34663.6460602129
VIR,Virgin Islands (U.S.),2012,36938.1682086351
VIR,Virgin Islands (U.S.),2011,43320.176769501
VIR,Virgin Islands (U.S.),2010,47162.7375570431
VIR,Virgin Islands (U.S.),2009,46862.8076001874
VIR,Virgin Islands (U.S.),2008,50174.7528938473
VIR,Virgin Islands (U.S.),2007,49598.1259079427
VIR,Virgin Islands (U.S.),2006,47671.567182812
VIR,Virgin Islands (U.S.),2005,46021.5905731819
VIR,Virgin Islands (U.S.),2004,44466.2872190216
PSE,West Bank and Gaza,2024,2258.20698667764
PSE,West Bank and Gaza,2023,2997.22694077849
PSE,West Bank and Gaza,2022,3099.9609010368
PSE,West Bank and Gaza,2021,3051.48607007995
PSE,West Bank and Gaza,2020,2922.46801084844
PSE,West Bank and Gaza,2019,3378.4346209191
PSE,West Bank and Gaza,2018,3417.79440837962
PSE,West Bank and Gaza,2017,3462.97986107136
PSE,West Bank and Gaza,2016,3483.09903532972
PSE,West Bank and Gaza,2015,3272.15432360708
PSE,West Bank and Gaza,2014,3227.84934482645
PSE,West Bank and Gaza,2013,3309.63120243098
PSE,West Bank and Gaza,2012,3237.91619995789
PSE,West Bank and Gaza,2011,3128.10811061384
PSE,West Bank and Gaza,2010,2927.08101953403
PSE,West Bank and Gaza,2009,2840.01594969395
PSE,West Bank and Gaza,2008,2685.98601828464
PSE,West Bank and Gaza,2007,2569.98434108953
PSE,West Bank and Gaza,2006,2540.26763083127
PSE,West Bank and Gaza,2005,2632.24627423958
PSE,West Bank and Gaza,2004,2426.41565630382
YEM,"Yemen, Rep.",2024,
YEM,"Yemen, Rep.",2023,
YEM,"Yemen, Rep.",2022,
YEM,"Yemen, Rep.",2021,
YEM,"Yemen, Rep.",2020,
YEM,"Yemen, Rep.",2019,
YEM,"Yemen, Rep.",2018,1079.32938366255
YEM,"Yemen, Rep.",2017,1103.45634849842
YEM,"Yemen, Rep.",2016,1197.95865971172
YEM,"Yemen, Rep.",2015,1362.1738120601
YEM,"Yemen, Rep.",2014,1950.1625450589
YEM,"Yemen, Rep.",2013,2014.7289059487
YEM,"Yemen, Rep.",2012,1981.45800046603
YEM,"Yemen, Rep.",2011,1994.83663337222
YEM,"Yemen, Rep.",2010,2356.19960422096
YEM,"Yemen, Rep.",2009,2257.46902086832
YEM,"Yemen, Rep.",2008,2244.04491655237
YEM,"Yemen, Rep.",2007,2235.75075901067
YEM,"Yemen, Rep.",2006,2234.74266863312
YEM,"Yemen, Rep.",2005,2237.63762643152
YEM,"Yemen, Rep.",2004,2185.78999159086
ZMB,Zambia,2024,1343.38966380353
ZMB,Zambia,2023,1330.85998216751
ZMB,Zambia,2022,1298.8480495593
ZMB,Zambia,2021,1269.10821808895
ZMB,Zambia,2020,1228.73500113195
ZMB,Zambia,2019,1301.18132976178
ZMB,Zambia,2018,1321.25045711573
ZMB,Zambia,2017,1308.76829240086
ZMB,Zambia,2016,1303.57513869133
ZMB,Zambia,2015,1295.87788680068
ZMB,Zambia,2014,1299.01241762504
ZMB,Zambia,2013,1280.77012176778
ZMB,Zambia,2012,1258.78938578996
ZMB,Zambia,2011,1208.46424569634
ZMB,Zambia,2010,1183.41712409199
ZMB,Zambia,2009,1110.71918102486
ZMB,Zambia,2008,1053.58612301068
ZMB,Zambia,2007,1013.08567432637
ZMB,Zambia,2006,968.563565019492
ZMB,Zambia,2005,929.079255855905
ZMB,Zambia,2004,895.475258534826
ZWE,Zimbabwe,2024,1416.80065463874
ZWE,Zimbabwe,2023,1418.47184628799
ZWE,Zimbabwe,2022,1369.19761495571
ZWE,Zimbabwe,2021,1312.20001358807
ZWE,Zimbabwe,2020,1230.81933361016
ZWE,Zimbabwe,2019,1357.53087818754
ZWE,Zimbabwe,2018,1472.14603844842
ZWE,Zimbabwe,2017,1422.91948946927
ZWE,Zimbabwe,2016,1378.34256192374
ZWE,Zimbabwe,2015,1387.12632595026
ZWE,Zimbabwe,2014,1381.25404125871
ZWE,Zimbabwe,2013,1367.81831689463
ZWE,Zimbabwe,2012,1360.15230034275
ZWE,Zimbabwe,2011,1184.93421020563
ZWE,Zimbabwe,2010,1056.20884563889
ZWE,Zimbabwe,2009,896.915532877845
ZWE,Zimbabwe,2008,803.044944654991
ZWE,Zimbabwe,2007,987.200362596937
ZWE,Zimbabwe,2006,1038.22375658033
ZWE,Zimbabwe,2005,1088.63148420699
ZWE,Zimbabwe,2004,1165.54447081543
